name,year,reclat,reclong,mass
Burnwell,1990,37.62194,-82.23722,1504.0
Glanerbrug,1990,52.2,6.86667,670.0
Itqiy,1990,26.59083,-12.95217,4720.0
Jalanash,1990,,,700.0
Magombedze,1990,-19.48333,31.65,666.6
Quija,1990,44.61667,126.13333,17450.0
Sterlitamak,1990,53.66667,55.98333,325000.0
Yanzhuang,1990,24.56667,114.16667,3500.0
Acfer 066,1990,27.63333,4.06667,517.0
Acfer 067,1990,27.71667,4.78333,383.0
Acfer 068,1990,27.55,3.7,1805.0
Acfer 069,1990,27.53333,3.83333,941.0
Acfer 070,1990,27.68333,4.48333,138.0
Acfer 071,1990,27.63333,4.28333,1379.0
Acfer 072,1990,27.63333,4.25,162.0
Acfer 073,1990,27.53333,3.85,2010.0
Acfer 074,1990,27.48333,3.83333,384.0
Acfer 075,1990,27.51667,3.73333,1453.0
Acfer 076,1990,27.7,4.35,183.0
Acfer 077,1990,27.63333,4.51667,2538.0
Acfer 078,1990,27.56667,4.15,105.0
Acfer 079,1990,27.5,3.68333,387.0
Acfer 080,1990,27.63333,4.51667,574.0
Acfer 081,1990,27.53333,3.86667,110.0
Acfer 082,1990,27.5,3.48333,208.0
Acfer 083,1990,27.48333,3.63333,690.0
Acfer 084,1990,27.55,3.86667,6300.0
Acfer 085,1990,27.58333,3.95,293.0
Acfer 086,1990,27.66667,4.18333,173.0
Acfer 087,1990,27.7,4.26667,163.0
Acfer 088,1990,27.75,4.43333,200.0
Acfer 089,1990,27.63333,4.3,682.0
Acfer 090,1990,27.5,3.83333,290.0
Acfer 091,1990,27.45,4.11667,3487.0
Acfer 092,1990,27.66667,4.51667,244.0
Acfer 093,1990,27.71667,4.13333,420.0
Acfer 094,1990,27.73333,4.43333,82.0
Acfer 095,1990,27.71667,4.38333,104.0
Acfer 096,1990,27.61667,4.2,572.0
Acfer 097,1990,27.51667,3.96667,63.0
Acfer 098,1990,27.46667,3.88333,5500.0
Acfer 099,1990,27.45,3.83333,313.0
Acfer 100,1990,27.46667,3.95,140.0
Acfer 101,1990,27.53333,4.16667,452.0
Acfer 102,1990,27.66667,4.46667,346.0
Acfer 103,1990,27.8,4.5,665.0
Acfer 104,1990,27.63333,4.36667,992.0
Acfer 105,1990,27.55,4.13333,392.0
Acfer 106,1990,27.5,3.9,1390.0
Acfer 107,1990,27.45,3.75,105.0
Acfer 108,1990,27.5,3.88333,828.0
Acfer 109,1990,27.55,3.76667,236.0
Acfer 110,1990,27.48333,3.8,107.0
Acfer 111,1990,27.48333,3.8,987.0
Acfer 112,1990,27.65,4.03333,216.0
Acfer 113,1990,27.56667,4.03333,2906.0
Acfer 114,1990,27.6,3.96667,43.0
Acfer 115,1990,27.73333,4.16667,287.0
Acfer 116,1990,27.73333,4.16667,345.0
Acfer 117,1990,27.73333,4.2,178.0
Acfer 118,1990,27.66667,4.2,752.0
Acfer 119,1990,27.65,4.23333,121.0
Acfer 120,1990,27.65,4.3,861.0
Acfer 121,1990,27.68333,4.33333,427.0
Acfer 122,1990,27.5,3.66667,235.0
Acfer 123,1990,27.46667,3.76667,452.0
Acfer 124,1990,27.6,4.05,542.0
Acfer 125,1990,27.68333,4.35,3380.0
Acfer 126,1990,27.51667,3.8,280.0
Acfer 127,1990,27.7,4.3,699.0
Acfer 128,1990,27.5,4.3,163.0
Acfer 129,1990,27.6,4.2,162.0
Acfer 130,1990,27.58333,4.0,400.0
Acfer 131,1990,27.58333,3.96667,171.0
Acfer 132,1990,27.5,3.76667,1621.0
Acfer 133,1990,27.5,3.83333,362.0
Acfer 134,1990,27.76667,4.53333,1161.0
Acfer 135,1990,27.55,4.03333,124.0
Acfer 136,1990,27.46667,4.05,324.0
Acfer 137,1990,27.58333,4.08333,106.0
Acfer 138,1990,27.66667,4.08333,941.0
Acfer 139,1990,27.56667,4.08333,143.0
Acfer 140,1990,27.56667,4.08333,171.0
Acfer 141,1990,27.58333,3.85,58.0
Acfer 142,1990,27.56667,4.35,91.0
Acfer 143,1990,27.66667,4.45,417.0
Acfer 144,1990,27.66667,4.28333,186.0
Acfer 145,1990,27.66667,4.28333,869.0
Acfer 146,1990,27.63333,4.08333,200.0
Acfer 147,1990,27.6,4.11667,140.0
Acfer 148,1990,27.58333,4.06667,157.0
Acfer 149,1990,27.58333,4.05,394.0
Acfer 150,1990,27.56667,3.81667,251.0
Acfer 151,1990,27.46667,3.71667,218.0
Acfer 152,1990,27.43333,3.75,157.0
Acfer 153,1990,27.53333,3.95,211.0
Acfer 154,1990,27.55,4.01667,95.0
Acfer 155,1990,27.66667,4.25,206.0
Acfer 156,1990,27.66667,4.23333,240.0
Acfer 157,1990,27.66667,4.23333,1072.0
Acfer 158,1990,27.66667,4.21667,422.0
Acfer 159,1990,27.5,3.93333,123.0
Acfer 160,1990,27.46667,3.71667,433.0
Acfer 161,1990,27.75,4.43333,604.0
Acfer 162,1990,27.66667,4.01667,1281.0
Acfer 163,1990,27.7,4.35,125.0
Acfer 164,1990,27.53333,4.18333,43.0
Acfer 165,1990,27.56667,4.33333,84.0
Acfer 166,1990,27.51667,4.23333,2476.0
Acfer 167,1990,27.51667,4.0,157.0
Acfer 168,1990,27.6,3.98333,211.0
Acfer 169,1990,27.73333,4.11667,559.0
Acfer 171,1990,27.65,4.25,313.0
Acfer 172,1990,27.66667,4.16667,766.0
Acfer 173,1990,27.65,4.03333,262.0
Acfer 174,1990,27.48333,3.86667,127.0
Acfer 175,1990,27.48333,3.85,153.0
Acfer 176,1990,27.48333,3.85,320.0
Acfer 177,1990,27.48333,3.85,721.0
Acfer 178,1990,27.48333,3.75,488.0
Acfer 179,1990,27.46667,3.75,163.0
Acfer 180,1990,27.6,4.16667,103.0
Acfer 181,1990,27.66667,4.2,245.0
Acfer 182,1990,27.7,4.35,166.0
Acfer 183,1990,27.58333,4.16667,114.0
Acfer 184,1990,27.56667,4.01667,311.0
Acfer 185,1990,27.53333,3.83333,109.0
Acfer 186,1990,27.46667,3.86667,315.0
Acfer 187,1990,27.46667,3.9,234.0
Acfer 188,1990,27.58333,4.11667,252.0
Acfer 189,1990,27.6,4.18333,53.0
Acfer 190,1990,27.7,4.3,4439.0
Acfer 191,1990,27.7,4.3,188.0
Acfer 192,1990,27.65,4.2,219.0
Acfer 193,1990,27.56667,3.95,157.0
Adrar 001,1990,28.05,0.16667,1917.0
Adrar 002,1990,27.81667,0.13333,407.0
Adrar 003,1990,27.13333,0.2,287.0
Aguemour 001,1990,26.96667,4.45,896.0
Aguemour 002,1990,26.96667,4.4,236.0
Aguemour 003,1990,27.36667,4.5,809.0
Aguemour 004,1990,27.33333,4.5,1137.0
Allan Hills 90400,1990,-76.73561,159.37968,36.3
Allan Hills 90401,1990,-76.72511,159.19525,274.1
Allan Hills 90402,1990,-76.70085,159.39389,1.7
Allan Hills 90403,1990,-76.7232,159.27344,38.6
Allan Hills 90404,1990,-76.72984,159.21445,36.6
Allan Hills 90405,1990,-76.73758,159.40921,210.4
Allan Hills 90406,1990,-76.9512,156.93593,6.8
Allan Hills 90407,1990,-76.95444,156.93741,0.6
Allan Hills 90408,1990,-76.96706,156.90663,9.0
Allan Hills 90409,1990,-76.97131,156.90059,0.8
Allan Hills 90410,1990,-76.97765,156.92485,20.1
Allan Hills 90411,1990,-76.98079,156.93013,5836.5
Allan Hills 90412,1990,-77.01668,156.92232,6.3
Allan Hills 90413,1990,-77.01544,156.93008,54.8
Allan Hills 90414,1990,-77.02314,156.98036,15.6
Asuka 9001,1990,-72.0,26.0,390.48
Asuka 9004,1990,-72.0,26.0,198.92
Asuka 9005,1990,-72.0,26.0,129.25
Asuka 9006,1990,-72.0,26.0,62.15
Asuka 9007,1990,-72.0,26.0,94.26
Asuka 9029,1990,-72.0,26.0,65.31
Asuka 9030,1990,-72.0,26.0,67.1
Asuka 9031,1990,-72.0,26.0,243.49
Asuka 9034,1990,-72.0,26.0,75.15
Asuka 9043,1990,-72.0,26.0,134.92
Asuka 9046,1990,-72.0,26.0,45.86
Asuka 9048,1990,-72.0,26.0,8270.54
Camel Donga 003,1990,-30.11667,126.91667,36.6
Camel Donga 004,1990,-30.31667,126.56667,32.8
Cook 005,1990,-30.24833,130.54083,97.0
Djebel In-Azzene,1990,27.86667,0.45,12500.0
El Golea,1990,30.01667,2.98333,823.0
Elephant Moraine 90191,1990,-76.27628,156.49863,11.0
Elephant Moraine 90329,1990,-76.2811,156.43614,22.5
Elephant Moraine 90001,1990,-76.29387,156.44077,53.2
Elephant Moraine 90002,1990,-76.27929,156.39568,28.0
Elephant Moraine 90003,1990,-76.29145,156.411,30.8
Elephant Moraine 90004,1990,-76.28837,156.45972,56.7
Elephant Moraine 90005,1990,-76.2719,156.4399,42.3
Elephant Moraine 90006,1990,-76.28523,156.44781,23.9
Elephant Moraine 90007,1990,-76.28651,156.37091,131.0
Elephant Moraine 90008,1990,-76.27843,156.39653,40.0
Elephant Moraine 90009,1990,-76.28169,156.40266,30.1
Elephant Moraine 90010,1990,-76.28287,156.43993,10.0
Elephant Moraine 90011,1990,-76.27517,156.40952,305.1
Elephant Moraine 90012,1990,-76.26938,156.4861,226.1
Elephant Moraine 90013,1990,-76.27975,156.41261,36.3
Elephant Moraine 90014,1990,-76.28547,156.43303,20.8
Elephant Moraine 90015,1990,-76.29145,156.4112,86.8
Elephant Moraine 90016,1990,-76.29026,156.43481,45.1
Elephant Moraine 90017,1990,-76.27159,156.4145,15.6
Elephant Moraine 90018,1990,-76.2885,156.4519,31.4
Elephant Moraine 90019,1990,-76.281,156.39468,21.5
Elephant Moraine 90020,1990,-76.2693,156.41368,154.0
Elephant Moraine 90021,1990,-76.26811,156.4562,19.6
Elephant Moraine 90022,1990,-76.28573,156.45721,15.5
Elephant Moraine 90023,1990,-76.27507,156.41039,31.5
Elephant Moraine 90024,1990,-76.28843,156.47871,22.8
Elephant Moraine 90025,1990,-76.282,156.39926,45.8
Elephant Moraine 90026,1990,-76.29226,156.45354,61.5
Elephant Moraine 90027,1990,-76.27075,156.42087,6.2
Elephant Moraine 90028,1990,-76.28025,156.47035,31.3
Elephant Moraine 90029,1990,-76.27386,156.37451,7.9
Elephant Moraine 90030,1990,-76.27504,156.4262,75.3
Elephant Moraine 90031,1990,-76.27845,156.4135,55.8
Elephant Moraine 90032,1990,-76.27944,156.41678,30.0
Elephant Moraine 90033,1990,-76.2861,156.44289,3.9
Elephant Moraine 90034,1990,-76.28193,156.40161,1413.6
Elephant Moraine 90035,1990,-76.26583,156.50533,1.3
Elephant Moraine 90036,1990,-76.27931,156.41939,21.2
Elephant Moraine 90037,1990,-76.29151,156.44206,6.0
Elephant Moraine 90038,1990,-76.27343,156.49052,5.5
Elephant Moraine 90039,1990,-76.27893,156.51524,5.8
Elephant Moraine 90040,1990,-76.27377,156.48817,13.1
Elephant Moraine 90041,1990,-76.28809,156.44016,2.2
Elephant Moraine 90042,1990,-76.27972,156.47218,14.2
Elephant Moraine 90043,1990,-76.2683,156.42732,12.5
Elephant Moraine 90044,1990,-76.27068,156.43655,11.5
Elephant Moraine 90045,1990,-76.2766,156.48895,6.6
Elephant Moraine 90046,1990,-76.26589,156.51582,5.3
Elephant Moraine 90047,1990,-76.26535,156.49442,1.2
Elephant Moraine 90048,1990,-76.28612,156.4632,12.4
Elephant Moraine 90049,1990,-76.28143,156.40314,18.0
Elephant Moraine 90050,1990,-76.26568,156.4887,4.1
Elephant Moraine 90051,1990,-76.18333,157.16667,715.4
Elephant Moraine 90052,1990,-76.27941,156.42732,10.7
Elephant Moraine 90053,1990,-76.18333,157.16667,427.9
Elephant Moraine 90054,1990,-76.29063,156.36755,311.5
Elephant Moraine 90055,1990,-76.27289,156.48126,38.9
Elephant Moraine 90056,1990,-76.27082,156.45921,89.2
Elephant Moraine 90057,1990,-76.28141,156.47504,22.1
Elephant Moraine 90058,1990,-76.28316,156.50703,16.9
Elephant Moraine 90059,1990,-76.27906,156.4406,83.9
Elephant Moraine 90060,1990,-76.27855,156.42319,5.3
Elephant Moraine 90061,1990,-76.26754,156.45027,10.1
Elephant Moraine 90062,1990,-76.279,156.42311,43.4
Elephant Moraine 90063,1990,-76.27927,156.42393,44.3
Elephant Moraine 90064,1990,-76.27869,156.45148,35.5
Elephant Moraine 90065,1990,-76.28242,156.42792,17.2
Elephant Moraine 90066,1990,-76.27713,156.46146,9.8
Elephant Moraine 90067,1990,-76.28069,156.42557,37.3
Elephant Moraine 90068,1990,-76.26668,156.45038,5.5
Elephant Moraine 90069,1990,-76.26903,156.46516,21.1
Elephant Moraine 90070,1990,-76.26799,156.45596,106.5
Elephant Moraine 90071,1990,-76.29026,156.45207,103.4
Elephant Moraine 90073,1990,-76.28677,156.39246,60.7
Elephant Moraine 90074,1990,-76.28739,156.48265,26.6
Elephant Moraine 90075,1990,-76.28279,156.4178,18.3
Elephant Moraine 90076,1990,-76.27776,156.4753,150.5
Elephant Moraine 90077,1990,-76.26659,156.46243,65.3
Elephant Moraine 90078,1990,-76.26699,156.45895,22.9
Elephant Moraine 90079,1990,-76.28001,156.43259,40.8
Elephant Moraine 90080,1990,-76.27008,156.54172,4.1
Elephant Moraine 90081,1990,-76.28072,156.50143,39.1
Elephant Moraine 90082,1990,-76.27992,156.43152,28.6
Elephant Moraine 90083,1990,-76.28863,156.43292,3.6
Elephant Moraine 90084,1990,-76.28144,156.43002,25.4
Elephant Moraine 90085,1990,-76.2888,156.42258,2.4
Elephant Moraine 90086,1990,-76.28378,156.45396,30.5
Elephant Moraine 90087,1990,-76.27955,156.46541,22.7
Elephant Moraine 90088,1990,-76.27056,156.45229,17.2
Elephant Moraine 90089,1990,-76.27795,156.4446,32.7
Elephant Moraine 90090,1990,-76.28064,156.4712,16.7
Elephant Moraine 90091,1990,-76.28868,156.467,3.9
Elephant Moraine 90092,1990,-76.28078,156.43141,9.0
Elephant Moraine 90093,1990,-76.28894,156.41402,5.8
Elephant Moraine 90094,1990,-76.26935,156.48567,8.9
Elephant Moraine 90095,1990,-76.27071,156.44777,6.5
Elephant Moraine 90096,1990,-76.27595,156.46986,11.9
Elephant Moraine 90097,1990,-76.28563,156.42033,18.6
Elephant Moraine 90098,1990,-76.27073,156.44742,4.7
Elephant Moraine 90099,1990,-76.26787,156.44878,11.7
Elephant Moraine 90100,1990,-76.27923,156.48157,12.8
Elephant Moraine 90101,1990,-76.28113,156.47063,12.8
Elephant Moraine 90102,1990,-76.27683,156.473,17.0
Elephant Moraine 90103,1990,-76.28638,156.41872,6.2
Elephant Moraine 90104,1990,-76.28153,156.413,1.3
Elephant Moraine 90105,1990,-76.27809,156.45451,8.5
Elephant Moraine 90106,1990,-76.2773,156.4595,3.0
Elephant Moraine 90107,1990,-76.28349,156.42792,1.0
Elephant Moraine 90108,1990,-76.27067,156.45316,15.4
Elephant Moraine 90109,1990,-76.27904,156.41393,33.5
Elephant Moraine 90110,1990,-76.27271,156.447,74.0
Elephant Moraine 90111,1990,-76.27172,156.4504,74.4
Elephant Moraine 90112,1990,-76.26857,156.45213,20.0
Elephant Moraine 90113,1990,-76.27871,156.44064,78.2
Elephant Moraine 90114,1990,-76.2784,156.41975,65.4
Elephant Moraine 90115,1990,-76.26967,156.4558,238.4
Elephant Moraine 90116,1990,-76.27922,156.44865,66.4
Elephant Moraine 90117,1990,-76.27068,156.45224,26.1
Elephant Moraine 90118,1990,-76.28043,156.47418,64.6
Elephant Moraine 90119,1990,-76.27936,156.42358,47.1
Elephant Moraine 90120,1990,-76.27916,156.42548,35.3
Elephant Moraine 90121,1990,-76.28,156.46954,232.2
Elephant Moraine 90122,1990,-76.26678,156.45993,13.0
Elephant Moraine 90123,1990,-76.28056,156.4268,39.2
Elephant Moraine 90124,1990,-76.27185,156.46509,33.2
Elephant Moraine 90125,1990,-76.2815,156.42993,90.2
Elephant Moraine 90126,1990,-76.27975,156.43124,5.5
Elephant Moraine 90127,1990,-76.2786,156.42336,14.6
Elephant Moraine 90128,1990,-76.27109,156.44202,50.1
Elephant Moraine 90129,1990,-76.27943,156.42859,50.0
Elephant Moraine 90130,1990,-76.28116,156.47876,21.8
Elephant Moraine 90131,1990,-76.28585,156.45512,26.9
Elephant Moraine 90132,1990,-76.27821,156.42007,20.6
Elephant Moraine 90133,1990,-76.27298,156.43744,52.4
Elephant Moraine 90134,1990,-76.26865,156.46632,21.9
Elephant Moraine 90135,1990,-76.26862,156.45523,15.5
Elephant Moraine 90136,1990,-76.28111,156.41951,37.9
Elephant Moraine 90137,1990,-76.27041,156.45093,29.1
Elephant Moraine 90138,1990,-76.27285,156.4512,74.8
Elephant Moraine 90139,1990,-76.28082,156.4687,13.9
Elephant Moraine 90140,1990,-76.29084,156.41196,2.1
Elephant Moraine 90141,1990,-76.27668,156.446,12.3
Elephant Moraine 90142,1990,-76.28742,156.41609,9.7
Elephant Moraine 90143,1990,-76.28137,156.49452,69.2
Elephant Moraine 90144,1990,-76.28253,156.49374,74.3
Elephant Moraine 90145,1990,-76.28022,156.51418,26.8
Elephant Moraine 90146,1990,-76.26962,156.4947,104.1
Elephant Moraine 90147,1990,-76.28415,156.4863,61.4
Elephant Moraine 90148,1990,-76.27774,156.52203,66.9
Elephant Moraine 90149,1990,-76.26985,156.49568,175.4
Elephant Moraine 90150,1990,-76.2873,156.47775,36.2
Elephant Moraine 90151,1990,-76.26864,156.5012,17.9
Elephant Moraine 90152,1990,-76.28226,156.51237,76.6
Elephant Moraine 90153,1990,-76.27951,156.50858,15.6
Elephant Moraine 90154,1990,-76.27392,156.50891,18.1
Elephant Moraine 90155,1990,-76.28327,156.48787,26.2
Elephant Moraine 90156,1990,-76.28551,156.47311,51.0
Elephant Moraine 90157,1990,-76.27738,156.51248,101.4
Elephant Moraine 90158,1990,-76.28468,156.47516,79.0
Elephant Moraine 90159,1990,-76.27837,156.50224,47.1
Elephant Moraine 90160,1990,-76.28279,156.49686,21.3
Elephant Moraine 90161,1990,-76.2824,156.51672,9.7
Elephant Moraine 90162,1990,-76.27993,156.48114,8.3
Elephant Moraine 90163,1990,-76.28732,156.4767,9.0
Elephant Moraine 90164,1990,-76.28788,156.47025,19.4
Elephant Moraine 90165,1990,-76.28222,156.5107,103.6
Elephant Moraine 90166,1990,-76.28286,156.50182,104.2
Elephant Moraine 90167,1990,-76.27318,156.52536,130.0
Elephant Moraine 90168,1990,-76.26799,156.50322,19.6
Elephant Moraine 90169,1990,-76.27634,156.51695,73.4
Elephant Moraine 90170,1990,-76.2746,156.52834,16.3
Elephant Moraine 90171,1990,-76.28457,156.48834,42.4
Elephant Moraine 90172,1990,-76.27937,156.49957,15.3
Elephant Moraine 90173,1990,-76.28438,156.47693,24.5
Elephant Moraine 90174,1990,-76.28629,156.48988,20.0
Elephant Moraine 90175,1990,-76.26864,156.53123,82.8
Elephant Moraine 90176,1990,-76.28419,156.48785,33.6
Elephant Moraine 90177,1990,-76.27479,156.5196,91.2
Elephant Moraine 90178,1990,-76.26709,156.49725,280.4
Elephant Moraine 90179,1990,-76.27414,156.5056,21.6
Elephant Moraine 90180,1990,-76.28473,156.48503,14.9
Elephant Moraine 90181,1990,-76.27466,156.49913,15.4
Elephant Moraine 90182,1990,-76.28078,156.48709,70.3
Elephant Moraine 90183,1990,-76.28298,156.47845,21.3
Elephant Moraine 90184,1990,-76.27363,156.48837,25.0
Elephant Moraine 90185,1990,-76.27695,156.49709,21.9
Elephant Moraine 90186,1990,-76.28071,156.48123,19.5
Elephant Moraine 90187,1990,-76.27983,156.48267,45.9
Elephant Moraine 90188,1990,-76.28404,156.4865,49.6
Elephant Moraine 90189,1990,-76.28077,156.4968,7.8
Elephant Moraine 90190,1990,-76.26593,156.52249,5.4
Elephant Moraine 90192,1990,-76.27775,156.51207,24.7
Elephant Moraine 90193,1990,-76.28297,156.50308,26.7
Elephant Moraine 90194,1990,-76.28402,156.47769,7.2
Elephant Moraine 90195,1990,-76.28749,156.4779,7.7
Elephant Moraine 90196,1990,-76.28126,156.48358,62.3
Elephant Moraine 90197,1990,-76.28223,156.4925,24.4
Elephant Moraine 90198,1990,-76.2861,156.47762,24.3
Elephant Moraine 90199,1990,-76.27913,156.50143,27.9
Elephant Moraine 90200,1990,-76.2854,156.4859,6.7
Elephant Moraine 90201,1990,-76.2735,156.50787,10.8
Elephant Moraine 90202,1990,-76.26882,156.50404,23.8
Elephant Moraine 90203,1990,-76.28655,156.48756,51.5
Elephant Moraine 90204,1990,-76.27493,156.50063,143.4
Elephant Moraine 90205,1990,-76.28209,156.49089,46.0
Elephant Moraine 90206,1990,-76.28591,156.49551,25.6
Elephant Moraine 90207,1990,-76.28203,156.50975,114.0
Elephant Moraine 90208,1990,-76.28408,156.48126,31.4
Elephant Moraine 90209,1990,-76.28448,156.47432,36.4
Elephant Moraine 90210,1990,-76.28583,156.4869,20.5
Elephant Moraine 90211,1990,-76.27784,156.48975,23.1
Elephant Moraine 90212,1990,-76.26861,156.49583,11.5
Elephant Moraine 90213,1990,-76.28324,156.51228,60.5
Elephant Moraine 90214,1990,-76.28592,156.48952,38.5
Elephant Moraine 90215,1990,-76.2786,156.52637,25.0
Elephant Moraine 90216,1990,-76.2719,156.502,28.9
Elephant Moraine 90217,1990,-76.27133,156.5237,23.2
Elephant Moraine 90218,1990,-76.28316,156.47162,15.6
Elephant Moraine 90219,1990,-76.27327,156.49641,8.6
Elephant Moraine 90220,1990,-76.2806,156.52197,16.8
Elephant Moraine 90221,1990,-76.28479,156.50302,67.3
Elephant Moraine 90222,1990,-76.2884,156.475,28.6
Elephant Moraine 90223,1990,-76.27901,156.49837,21.0
Elephant Moraine 90224,1990,-76.27591,156.49937,8.7
Elephant Moraine 90225,1990,-76.26813,156.49545,2.2
Elephant Moraine 90226,1990,-76.27407,156.50043,22.4
Elephant Moraine 90227,1990,-76.28392,156.47398,5.8
Elephant Moraine 90228,1990,-76.28368,156.4801,6.0
Elephant Moraine 90229,1990,-76.28055,156.43732,245.5
Elephant Moraine 90230,1990,-76.26583,156.40312,105.3
Elephant Moraine 90231,1990,-76.29367,156.4419,33.9
Elephant Moraine 90232,1990,-76.28795,156.46841,16.9
Elephant Moraine 90233,1990,-76.28817,156.47906,6.6
Elephant Moraine 90234,1990,-76.26577,156.40993,8.5
Elephant Moraine 90235,1990,-76.27573,156.40526,36.2
Elephant Moraine 90236,1990,-76.26761,156.53378,1.6
Elephant Moraine 90237,1990,-76.26492,156.54172,157.2
Elephant Moraine 90238,1990,-76.26667,156.53813,150.1
Elephant Moraine 90239,1990,-76.27318,156.36633,78.8
Elephant Moraine 90240,1990,-76.26634,156.4035,11.0
Elephant Moraine 90241,1990,-76.28682,156.45074,9.1
Elephant Moraine 90242,1990,-76.27482,156.49048,15.3
Elephant Moraine 90243,1990,-76.26641,156.40376,21.7
Elephant Moraine 90244,1990,-76.27708,156.50362,44.8
Elephant Moraine 90245,1990,-76.2876,156.4681,19.0
Elephant Moraine 90246,1990,-76.2679,156.54517,362.9
Elephant Moraine 90247,1990,-76.29541,156.46239,37.1
Elephant Moraine 90248,1990,-76.29429,156.45914,0.4
Elephant Moraine 90249,1990,-76.2821,156.44946,8.3
Elephant Moraine 90250,1990,-76.266,156.40329,13.5
Elephant Moraine 90251,1990,-76.26653,156.40277,45.4
Elephant Moraine 90252,1990,-76.28629,156.44165,12.2
Elephant Moraine 90253,1990,-76.26444,156.55681,6.5
Elephant Moraine 90254,1990,-76.27802,156.52986,12.8
Elephant Moraine 90255,1990,-76.27277,156.53181,8.3
Elephant Moraine 90256,1990,-76.28208,156.4495,3.2
Elephant Moraine 90257,1990,-76.2762,156.35939,11.0
Elephant Moraine 90258,1990,-76.28716,156.44688,10.5
Elephant Moraine 90259,1990,-76.27308,156.48512,22.9
Elephant Moraine 90260,1990,-76.28915,156.462,7.3
Elephant Moraine 90261,1990,-76.27359,156.48415,6.6
Elephant Moraine 90262,1990,-76.28752,156.44737,9.2
Elephant Moraine 90263,1990,-76.28899,156.45699,4.8
Elephant Moraine 90264,1990,-76.27311,156.48927,2.8
Elephant Moraine 90265,1990,-76.27404,156.48611,3.0
Elephant Moraine 90266,1990,-76.27918,156.47755,101.7
Elephant Moraine 90267,1990,-76.27837,156.47769,88.5
Elephant Moraine 90268,1990,-76.2831,156.4269,7.2
Elephant Moraine 90269,1990,-76.26849,156.45514,9.2
Elephant Moraine 90270,1990,-76.28685,156.47609,32.9
Elephant Moraine 90271,1990,-76.28109,156.43579,17.8
Elephant Moraine 90272,1990,-76.27056,156.45325,28.1
Elephant Moraine 90273,1990,-76.28131,156.43211,8.6
Elephant Moraine 90274,1990,-76.28062,156.47482,55.5
Elephant Moraine 90275,1990,-76.28799,156.47813,19.5
Elephant Moraine 90276,1990,-76.28354,156.43423,15.3
Elephant Moraine 90277,1990,-76.2798,156.47717,13.5
Elephant Moraine 90278,1990,-76.28946,156.417,5.6
Elephant Moraine 90279,1990,-76.27274,156.45152,17.4
Elephant Moraine 90280,1990,-76.26737,156.45676,11.1
Elephant Moraine 90281,1990,-76.28125,156.47302,52.6
Elephant Moraine 90282,1990,-76.27985,156.47636,15.3
Elephant Moraine 90283,1990,-76.28,156.47331,81.5
Elephant Moraine 90284,1990,-76.27851,156.46243,51.6
Elephant Moraine 90285,1990,-76.28006,156.47038,77.4
Elephant Moraine 90286,1990,-76.28024,156.43924,23.8
Elephant Moraine 90287,1990,-76.28054,156.46843,13.8
Elephant Moraine 90288,1990,-76.27072,156.45158,5.7
Elephant Moraine 90289,1990,-76.28815,156.4645,33.1
Elephant Moraine 90290,1990,-76.28102,156.46548,47.5
Elephant Moraine 90291,1990,-76.27142,156.45602,11.1
Elephant Moraine 90292,1990,-76.27981,156.4314,20.4
Elephant Moraine 90293,1990,-76.28773,156.42168,13.4
Elephant Moraine 90294,1990,-76.28101,156.43283,14.5
Elephant Moraine 90295,1990,-76.28202,156.43584,12.4
Elephant Moraine 90296,1990,-76.28053,156.4526,11.0
Elephant Moraine 90297,1990,-76.27985,156.43558,15.4
Elephant Moraine 90298,1990,-76.28141,156.42888,7.5
Elephant Moraine 90299,1990,-76.27922,156.44325,8.1
Elephant Moraine 90300,1990,-76.27953,156.46623,45.1
Elephant Moraine 90301,1990,-76.28119,156.47879,23.5
Elephant Moraine 90302,1990,-76.27988,156.43893,34.9
Elephant Moraine 90303,1990,-76.26602,156.45993,8.0
Elephant Moraine 90304,1990,-76.26602,156.45969,16.4
Elephant Moraine 90305,1990,-76.26685,156.4609,15.0
Elephant Moraine 90306,1990,-76.28115,156.47163,11.2
Elephant Moraine 90307,1990,-76.28772,156.47867,25.6
Elephant Moraine 90308,1990,-76.27961,156.43112,48.4
Elephant Moraine 90309,1990,-76.28062,156.43803,36.5
Elephant Moraine 90310,1990,-76.28496,156.42746,21.1
Elephant Moraine 90311,1990,-76.281,156.47334,55.4
Elephant Moraine 90312,1990,-76.26909,156.45544,5.4
Elephant Moraine 90313,1990,-76.28084,156.47723,27.5
Elephant Moraine 90314,1990,-76.27347,156.47667,18.4
Elephant Moraine 90315,1990,-76.28788,156.4229,21.3
Elephant Moraine 90316,1990,-76.2797,156.47386,76.9
Elephant Moraine 90317,1990,-76.28105,156.47272,22.7
Elephant Moraine 90318,1990,-76.28094,156.43262,10.9
Elephant Moraine 90319,1990,-76.26689,156.46065,13.7
Elephant Moraine 90320,1990,-76.28592,156.44383,6.3
Elephant Moraine 90321,1990,-76.27135,156.45265,50.1
Elephant Moraine 90322,1990,-76.27196,156.45114,6.5
Elephant Moraine 90323,1990,-76.27919,156.43433,16.8
Elephant Moraine 90324,1990,-76.28113,156.43051,9.4
Elephant Moraine 90325,1990,-76.28859,156.41788,10.0
Elephant Moraine 90326,1990,-76.28107,156.47478,28.3
Elephant Moraine 90327,1990,-76.26849,156.4553,11.8
Elephant Moraine 90328,1990,-76.27825,156.47508,35.1
Elephant Moraine 90330,1990,-76.2686,156.46635,6.5
Elephant Moraine 90331,1990,-76.26645,156.4567,6.2
Elephant Moraine 90332,1990,-76.26687,156.45654,16.1
Elephant Moraine 90333,1990,-76.26638,156.45654,6.5
Elephant Moraine 90334,1990,-76.27965,156.43356,45.2
Elephant Moraine 90335,1990,-76.26557,156.48775,4.7
Elephant Moraine 90336,1990,-76.27978,156.47777,14.1
Elephant Moraine 90337,1990,-76.26624,156.45728,2.0
Elephant Moraine 90338,1990,-76.28922,156.4278,2.1
Elephant Moraine 90339,1990,-76.26636,156.46013,2.9
Elephant Moraine 90340,1990,-76.26948,156.4846,24.6
Elephant Moraine 90341,1990,-76.26695,156.4638,9.5
Elephant Moraine 90342,1990,-76.28198,156.42784,3.3
Elephant Moraine 90343,1990,-76.27173,156.45647,9.0
Elephant Moraine 90344,1990,-76.28295,156.45297,2.7
Elephant Moraine 90345,1990,-76.27978,156.43333,1.9
Elephant Moraine 90346,1990,-76.27779,156.47871,5.5
Elephant Moraine 90347,1990,-76.26669,156.4604,0.6
Elephant Moraine 90348,1990,-76.2669,156.46037,0.6
Elephant Moraine 90349,1990,-76.2669,156.46053,7.3
Elephant Moraine 90350,1990,-76.29038,156.33185,174.0
Elephant Moraine 90351,1990,-76.27752,156.37694,105.8
Elephant Moraine 90352,1990,-76.27449,156.42586,63.0
Elephant Moraine 90353,1990,-76.27428,156.42603,77.8
Elephant Moraine 90354,1990,-76.26807,156.41942,194.6
Elephant Moraine 90355,1990,-76.26759,156.41406,83.0
Elephant Moraine 90356,1990,-76.26572,156.40854,99.9
Elephant Moraine 90357,1990,-76.26829,156.41554,45.6
Elephant Moraine 90358,1990,-76.2723,156.42142,44.4
Elephant Moraine 90359,1990,-76.27417,156.40854,65.5
Elephant Moraine 90360,1990,-76.27664,156.36894,28.9
Elephant Moraine 90361,1990,-76.27217,156.41621,32.8
Elephant Moraine 90362,1990,-76.27165,156.429,111.0
Elephant Moraine 90363,1990,-76.29193,156.35692,114.3
Elephant Moraine 90364,1990,-76.18333,157.16667,220.4
Elephant Moraine 90365,1990,-76.2731,156.4269,16.0
Elephant Moraine 90366,1990,-76.27625,156.42122,57.9
Elephant Moraine 90367,1990,-76.26568,156.4128,140.2
Elephant Moraine 90368,1990,-76.27185,156.43184,17.2
Elephant Moraine 90369,1990,-76.26904,156.41301,71.6
Elephant Moraine 90370,1990,-76.27124,156.42934,163.9
Elephant Moraine 90371,1990,-76.2759,156.37132,15.8
Elephant Moraine 90372,1990,-76.28667,156.35727,158.8
Elephant Moraine 90373,1990,-76.26976,156.43451,6.5
Elephant Moraine 90374,1990,-76.27076,156.40402,38.8
Elephant Moraine 90375,1990,-76.27412,156.42056,29.0
Elephant Moraine 90376,1990,-76.27107,156.40694,40.2
Elephant Moraine 90377,1990,-76.26756,156.43022,55.5
Elephant Moraine 90378,1990,-76.27334,156.41338,66.6
Elephant Moraine 90379,1990,-76.27425,156.41678,15.4
Elephant Moraine 90380,1990,-76.26968,156.40335,18.2
Elephant Moraine 90381,1990,-76.27522,156.41547,76.9
Elephant Moraine 90382,1990,-76.26709,156.43806,14.5
Elephant Moraine 90383,1990,-76.28283,156.45918,12.0
Elephant Moraine 90384,1990,-76.27591,156.41335,20.6
Elephant Moraine 90385,1990,-76.28192,156.44724,8.9
Elephant Moraine 90386,1990,-76.27709,156.37311,54.0
Elephant Moraine 90387,1990,-76.27814,156.39369,19.5
Elephant Moraine 90388,1990,-76.27683,156.38406,58.1
Elephant Moraine 90389,1990,-76.26948,156.42946,23.2
Elephant Moraine 90390,1990,-76.27455,156.41463,45.6
Elephant Moraine 90391,1990,-76.26919,156.42366,59.8
Elephant Moraine 90392,1990,-76.268,156.43448,27.2
Elephant Moraine 90393,1990,-76.26633,156.41006,10.9
Elephant Moraine 90394,1990,-76.26848,156.41524,97.3
Elephant Moraine 90395,1990,-76.26609,156.40926,45.0
Elephant Moraine 90396,1990,-76.26553,156.40974,22.0
Elephant Moraine 90397,1990,-76.26833,156.40602,23.1
Elephant Moraine 90398,1990,-76.2772,156.42224,36.3
Elephant Moraine 90399,1990,-76.27105,156.41603,65.9
Elephant Moraine 90400,1990,-76.27055,156.42508,10.9
Elephant Moraine 90401,1990,-76.27246,156.42677,13.4
Elephant Moraine 90402,1990,-76.27602,156.40294,69.3
Elephant Moraine 90403,1990,-76.27434,156.42636,86.8
Elephant Moraine 90404,1990,-76.27089,156.43356,11.6
Elephant Moraine 90405,1990,-76.2773,156.37581,3.8
Elephant Moraine 90406,1990,-76.26808,156.43665,1.8
Elephant Moraine 90407,1990,-76.27121,156.41393,33.9
Elephant Moraine 90408,1990,-76.27716,156.42216,8.3
Elephant Moraine 90409,1990,-76.26848,156.42674,26.0
Elephant Moraine 90410,1990,-76.27022,156.42413,29.7
Elephant Moraine 90411,1990,-76.28748,156.45386,16.3
Elephant Moraine 90412,1990,-76.27372,156.42783,5.9
Elephant Moraine 90413,1990,-76.26699,156.42982,11.8
Elephant Moraine 90414,1990,-76.27231,156.40746,55.6
Elephant Moraine 90415,1990,-76.26994,156.42705,14.5
Elephant Moraine 90416,1990,-76.28057,156.43333,5.3
Elephant Moraine 90417,1990,-76.27264,156.42686,7.6
Elephant Moraine 90418,1990,-76.27427,156.42245,19.1
Elephant Moraine 90419,1990,-76.27651,156.37532,2.1
Elephant Moraine 90420,1990,-76.27263,156.42815,31.1
Elephant Moraine 90421,1990,-76.27133,156.45052,9.7
Elephant Moraine 90422,1990,-76.27526,156.39024,1.4
Elephant Moraine 90423,1990,-76.27697,156.42384,24.0
Elephant Moraine 90424,1990,-76.27799,156.42838,1.7
Elephant Moraine 90425,1990,-85.63333,157.16667,17.0
Elephant Moraine 90426,1990,-76.27082,156.4184,14.4
Elephant Moraine 90427,1990,-76.26735,156.4345,13.1
Elephant Moraine 90428,1990,-76.29299,156.35,7.3
Elephant Moraine 90429,1990,-76.26941,156.41234,18.2
Elephant Moraine 90430,1990,-76.26664,156.40176,3.9
Elephant Moraine 90431,1990,-76.26638,156.40147,24.8
Elephant Moraine 90432,1990,-76.27671,156.36969,0.7
Elephant Moraine 90433,1990,-76.27097,156.43007,3.9
Elephant Moraine 90434,1990,-76.27494,156.38615,2.6
Elephant Moraine 90435,1990,-76.27361,156.42378,13.7
Elephant Moraine 90436,1990,-76.27793,156.45494,7.9
Elephant Moraine 90437,1990,-76.269,156.43262,10.8
Elephant Moraine 90438,1990,-76.26821,156.4352,7.1
Elephant Moraine 90439,1990,-76.28187,156.46086,6.8
Elephant Moraine 90440,1990,-76.28655,156.38344,87.0
Elephant Moraine 90441,1990,-76.28858,156.38399,125.4
Elephant Moraine 90442,1990,-76.27185,156.44138,102.9
Elephant Moraine 90443,1990,-76.27321,156.4404,136.3
Elephant Moraine 90444,1990,-76.28601,156.37788,103.9
Elephant Moraine 90445,1990,-76.27022,156.44542,127.1
Elephant Moraine 90446,1990,-76.27038,156.4435,84.7
Elephant Moraine 90447,1990,-76.2669,156.44818,105.2
Elephant Moraine 90448,1990,-76.26554,156.40286,2.2
Elephant Moraine 90449,1990,-76.26952,156.4466,0.5
Elephant Moraine 90450,1990,-76.28271,156.47054,63.6
Elephant Moraine 90451,1990,-76.2884,156.46754,78.7
Elephant Moraine 90452,1990,-76.29422,156.4573,122.1
Elephant Moraine 90453,1990,-76.2813,156.46364,60.9
Elephant Moraine 90454,1990,-76.28433,156.46066,212.9
Elephant Moraine 90455,1990,-76.28023,156.43436,85.9
Elephant Moraine 90456,1990,-76.29089,156.46661,51.0
Elephant Moraine 90457,1990,-76.28193,156.4477,80.7
Elephant Moraine 90458,1990,-76.29054,156.44975,150.8
Elephant Moraine 90459,1990,-76.28039,156.43974,62.7
Elephant Moraine 90460,1990,-76.28625,156.46948,46.2
Elephant Moraine 90461,1990,-76.28341,156.46637,36.3
Elephant Moraine 90462,1990,-76.28339,156.46237,68.3
Elephant Moraine 90463,1990,-76.28383,156.46646,66.4
Elephant Moraine 90464,1990,-76.2682,156.42,159.1
Elephant Moraine 90465,1990,-76.27008,156.43413,217.3
Elephant Moraine 90466,1990,-76.26842,156.41554,162.3
Elephant Moraine 90467,1990,-76.27041,156.43294,141.8
Elephant Moraine 90468,1990,-76.26931,156.41113,202.0
Elephant Moraine 90469,1990,-76.27116,156.42168,48.5
Elephant Moraine 90470,1990,-76.26958,156.43205,82.6
Elephant Moraine 90471,1990,-76.27011,156.41713,76.6
Elephant Moraine 90472,1990,-76.27154,156.42026,78.3
Elephant Moraine 90473,1990,-76.27409,156.4311,50.1
Elephant Moraine 90474,1990,-76.26843,156.42926,117.7
Elephant Moraine 90475,1990,-76.27525,156.40929,68.9
Elephant Moraine 90476,1990,-76.27362,156.4211,63.8
Elephant Moraine 90477,1990,-76.27705,156.45451,62.3
Elephant Moraine 90478,1990,-76.27754,156.42763,58.7
Elephant Moraine 90479,1990,-76.275,156.42238,82.6
Elephant Moraine 90480,1990,-76.27697,156.42677,66.8
Elephant Moraine 90481,1990,-76.27402,156.42398,74.8
Elephant Moraine 90482,1990,-76.27417,156.4224,66.0
Elephant Moraine 90483,1990,-76.2741,156.43588,177.9
Elephant Moraine 90484,1990,-76.27389,156.50221,93.6
Elephant Moraine 90485,1990,-76.28713,156.48596,52.4
Elephant Moraine 90486,1990,-76.26905,156.44067,152.9
Elephant Moraine 90487,1990,-76.2669,156.46046,300.8
Elephant Moraine 90488,1990,-76.30565,156.53973,240.6
Elephant Moraine 90489,1990,-76.28322,156.49847,48.8
Elephant Moraine 90490,1990,-76.2753,156.43048,93.0
Elephant Moraine 90491,1990,-76.27377,156.43655,107.1
Elephant Moraine 90492,1990,-76.27071,156.43645,140.2
Elephant Moraine 90493,1990,-76.27209,156.43576,219.0
Elephant Moraine 90494,1990,-76.27807,156.43488,65.3
Elephant Moraine 90495,1990,-76.27353,156.50226,96.8
Elephant Moraine 90496,1990,-76.26833,156.49232,103.4
Elephant Moraine 90497,1990,-76.27777,156.51492,103.6
Elephant Moraine 90498,1990,-76.27423,156.42867,71.3
Elephant Moraine 90499,1990,-76.27376,156.4391,104.9
Elephant Moraine 90500,1990,-76.27956,156.50726,107.6
Elephant Moraine 90501,1990,-76.27904,156.4383,53.7
Elephant Moraine 90502,1990,-76.26782,156.53712,150.0
Elephant Moraine 90503,1990,-76.28383,156.47433,85.0
Elephant Moraine 90504,1990,-76.27971,156.50693,117.4
Elephant Moraine 90505,1990,-76.27238,156.43404,98.0
Elephant Moraine 90506,1990,-76.27552,156.43475,112.4
Elephant Moraine 90507,1990,-76.28735,156.44904,4.9
Elephant Moraine 90508,1990,-76.28219,156.46841,42.6
Elephant Moraine 90509,1990,-76.28727,156.43098,8.7
Elephant Moraine 90510,1990,-76.28902,156.43484,23.5
Elephant Moraine 90511,1990,-76.28685,156.4341,7.9
Elephant Moraine 90512,1990,-76.28632,156.46017,18.7
Elephant Moraine 90513,1990,-76.28453,156.45958,25.4
Elephant Moraine 90514,1990,-76.28738,156.44273,11.7
Elephant Moraine 90515,1990,-76.28044,156.434,8.3
Elephant Moraine 90516,1990,-76.28538,156.43996,4.3
Elephant Moraine 90517,1990,-76.28515,156.44128,36.7
Elephant Moraine 90518,1990,-76.28516,156.44125,20.9
Elephant Moraine 90519,1990,-76.28817,156.43216,5.2
Elephant Moraine 90520,1990,-76.28272,156.46237,21.4
Elephant Moraine 90521,1990,-76.29002,156.4322,5.5
Elephant Moraine 90522,1990,-76.28689,156.43298,6.9
Elephant Moraine 90523,1990,-76.28963,156.45819,4.0
Elephant Moraine 90524,1990,-76.28863,156.43207,8.9
Elephant Moraine 90525,1990,-76.28715,156.43056,14.6
Elephant Moraine 90526,1990,-76.28334,156.47015,12.7
Elephant Moraine 90527,1990,-76.28159,156.4592,6.6
Elephant Moraine 90528,1990,-76.28747,156.43672,14.9
Elephant Moraine 90529,1990,-76.28737,156.42992,6.8
Elephant Moraine 90530,1990,-76.28865,156.43063,8.4
Elephant Moraine 90531,1990,-76.28259,156.46533,24.8
Elephant Moraine 90532,1990,-76.28151,156.45995,29.9
Elephant Moraine 90533,1990,-76.28234,156.44695,11.0
Elephant Moraine 90534,1990,-76.2832,156.46397,9.6
Elephant Moraine 90535,1990,-76.28883,156.43262,9.0
Elephant Moraine 90536,1990,-76.28458,156.46468,17.9
Elephant Moraine 90537,1990,-76.2805,156.4703,17.6
Elephant Moraine 90538,1990,-76.28895,156.4307,4.9
Elephant Moraine 90539,1990,-76.28583,156.44156,20.2
Elephant Moraine 90540,1990,-76.2826,156.4644,15.5
Elephant Moraine 90541,1990,-76.28853,156.45868,38.2
Elephant Moraine 90542,1990,-76.28533,156.43785,5.0
Elephant Moraine 90543,1990,-76.2873,156.42982,6.7
Elephant Moraine 90544,1990,-76.28206,156.46844,48.7
Elephant Moraine 90545,1990,-76.28741,156.43846,8.3
Elephant Moraine 90546,1990,-76.28647,156.46693,12.3
Elephant Moraine 90547,1990,-76.28151,156.45888,4.1
Elephant Moraine 90548,1990,-76.28525,156.45131,2.2
Elephant Moraine 90549,1990,-76.28809,156.43777,4.1
Elephant Moraine 90550,1990,-76.28214,156.47375,30.3
Elephant Moraine 90551,1990,-76.28734,156.46805,12.4
Elephant Moraine 90552,1990,-76.28174,156.46619,38.7
Elephant Moraine 90553,1990,-76.28344,156.46495,7.5
Elephant Moraine 90554,1990,-76.28341,156.46278,19.1
Elephant Moraine 90555,1990,-76.28581,156.44145,6.8
Elephant Moraine 90556,1990,-76.28314,156.43256,21.3
Elephant Moraine 90557,1990,-76.28115,156.4342,6.1
Elephant Moraine 90558,1990,-76.28879,156.42882,6.9
Elephant Moraine 90559,1990,-76.28186,156.47247,42.2
Elephant Moraine 90560,1990,-76.28234,156.47427,28.1
Elephant Moraine 90561,1990,-76.28724,156.42989,0.9
Elephant Moraine 90562,1990,-76.28782,156.43144,5.2
Elephant Moraine 90563,1990,-76.28543,156.44073,4.2
Elephant Moraine 90564,1990,-76.28217,156.4466,27.2
Elephant Moraine 90565,1990,-76.28393,156.46452,32.4
Elephant Moraine 90566,1990,-76.28652,156.43323,15.6
Elephant Moraine 90567,1990,-76.27687,156.43391,17.3
Elephant Moraine 90568,1990,-76.26959,156.43945,22.8
Elephant Moraine 90569,1990,-76.27217,156.435,41.6
Elephant Moraine 90570,1990,-76.27518,156.43953,22.8
Elephant Moraine 90571,1990,-76.2783,156.43498,22.9
Elephant Moraine 90572,1990,-76.26798,156.44092,28.9
Elephant Moraine 90573,1990,-76.27068,156.43706,19.1
Elephant Moraine 90574,1990,-76.27064,156.43565,20.6
Elephant Moraine 90575,1990,-76.27337,156.43478,33.7
Elephant Moraine 90576,1990,-76.27094,156.43571,18.4
Elephant Moraine 90577,1990,-76.27533,156.43097,33.6
Elephant Moraine 90578,1990,-76.27264,156.43443,10.1
Elephant Moraine 90579,1990,-76.27762,156.43848,15.6
Elephant Moraine 90580,1990,-76.28581,156.43861,11.1
Elephant Moraine 90581,1990,-76.28218,156.47658,18.4
Elephant Moraine 90582,1990,-76.28807,156.43831,1.7
Elephant Moraine 90583,1990,-76.28395,156.46472,2.1
Elephant Moraine 90584,1990,-76.26503,156.4925,5.5
Elephant Moraine 90585,1990,-76.2821,156.45085,31.5
Elephant Moraine 90586,1990,-76.28202,156.47198,2.7
Elephant Moraine 90587,1990,-76.28798,156.467,4.6
Elephant Moraine 90588,1990,-76.28534,156.44977,4.0
Elephant Moraine 90589,1990,-76.28695,156.46082,4.3
Elephant Moraine 90590,1990,-76.28526,156.44048,3.2
Elephant Moraine 90591,1990,-76.28722,156.44044,6.2
Elephant Moraine 90592,1990,-76.28679,156.4531,6.4
Elephant Moraine 90593,1990,-76.28599,156.43596,31.9
Elephant Moraine 90594,1990,-76.28345,156.43533,3.1
Elephant Moraine 90595,1990,-76.27726,156.42194,36.7
Elephant Moraine 90596,1990,-76.27649,156.42737,20.3
Elephant Moraine 90597,1990,-76.26757,156.408,78.9
Elephant Moraine 90598,1990,-76.27318,156.42184,33.1
Elephant Moraine 90599,1990,-76.27182,156.40874,57.9
Elephant Moraine 90600,1990,-76.27467,156.40709,34.2
Elephant Moraine 90601,1990,-76.27166,156.42068,14.4
Elephant Moraine 90602,1990,-76.27799,156.43025,26.9
Elephant Moraine 90603,1990,-76.27252,156.41035,21.0
Elephant Moraine 90604,1990,-76.27429,156.4347,25.6
Elephant Moraine 90605,1990,-76.26983,156.42574,42.3
Elephant Moraine 90606,1990,-76.27729,156.41692,37.0
Elephant Moraine 90607,1990,-76.26612,156.40846,37.0
Elephant Moraine 90608,1990,-76.26712,156.43822,11.8
Elephant Moraine 90609,1990,-76.27429,156.42471,39.7
Elephant Moraine 90610,1990,-76.18333,157.16667,1450.8
Elephant Moraine 90611,1990,-76.27027,156.43047,34.7
Elephant Moraine 90612,1990,-76.26727,156.41824,37.0
Elephant Moraine 90613,1990,-76.27134,156.43002,35.0
Elephant Moraine 90614,1990,-76.27401,156.42278,8.4
Elephant Moraine 90615,1990,-76.28503,156.46889,43.0
Elephant Moraine 90616,1990,-76.27323,156.41982,26.1
Elephant Moraine 90617,1990,-76.26611,156.43588,53.8
Elephant Moraine 90618,1990,-76.27172,156.4311,42.5
Elephant Moraine 90619,1990,-76.27746,156.42558,55.0
Elephant Moraine 90620,1990,-76.27581,156.43095,14.8
Elephant Moraine 90621,1990,-76.26936,156.41791,4.3
Elephant Moraine 90622,1990,-76.27293,156.422,14.1
Elephant Moraine 90623,1990,-76.26978,156.43236,16.7
Elephant Moraine 90624,1990,-76.28725,156.44704,3.2
Elephant Moraine 90625,1990,-76.27934,156.43196,3.8
Elephant Moraine 90626,1990,-76.26686,156.43224,25.1
Elephant Moraine 90627,1990,-76.26978,156.43451,19.3
Elephant Moraine 90628,1990,-76.29366,156.36046,23.1
Elephant Moraine 90629,1990,-76.275,156.42342,36.3
Elephant Moraine 90630,1990,-76.26662,156.41675,8.6
Elephant Moraine 90631,1990,-76.28281,156.45131,25.5
Elephant Moraine 90632,1990,-76.27016,156.41444,30.2
Elephant Moraine 90633,1990,-76.26889,156.4216,44.8
Elephant Moraine 90634,1990,-76.26739,156.41911,2.1
Elephant Moraine 90635,1990,-76.27513,156.38914,1.3
Elephant Moraine 90636,1990,-76.27524,156.42288,32.2
Elephant Moraine 90637,1990,-76.27134,156.4275,23.3
Elephant Moraine 90638,1990,-76.27574,156.42326,26.5
Elephant Moraine 90639,1990,-76.27616,156.4211,24.2
Elephant Moraine 90640,1990,-76.27195,156.41295,9.7
Elephant Moraine 90641,1990,-76.27051,156.4251,1.4
Elephant Moraine 90642,1990,-76.26554,156.42554,5.4
Elephant Moraine 90643,1990,-76.27612,156.4271,19.0
Elephant Moraine 90644,1990,-76.27515,156.39015,1.3
Elephant Moraine 90645,1990,-76.27447,156.42119,55.3
Elephant Moraine 90646,1990,-76.2767,156.4175,27.2
Elephant Moraine 90647,1990,-76.26708,156.43695,13.4
Elephant Moraine 90648,1990,-76.27103,156.43346,21.5
Elephant Moraine 90649,1990,-76.26526,156.42276,48.7
Elephant Moraine 90650,1990,-76.27739,156.42867,15.7
Elephant Moraine 90651,1990,-76.27812,156.42932,36.6
Elephant Moraine 90652,1990,-76.27733,156.42609,14.8
Elephant Moraine 90653,1990,-76.2706,156.4296,8.9
Elephant Moraine 90654,1990,-76.27208,156.43668,16.5
Elephant Moraine 90655,1990,-76.27694,156.42702,7.4
Elephant Moraine 90656,1990,-76.27041,156.42784,57.0
Elephant Moraine 90657,1990,-76.26635,156.48656,16.1
Elephant Moraine 90658,1990,-76.27134,156.43102,26.7
Elephant Moraine 90659,1990,-76.26705,156.43799,1.4
Elephant Moraine 90660,1990,-76.26522,156.40968,8.6
Elephant Moraine 90661,1990,-76.27584,156.42787,11.6
Elephant Moraine 90662,1990,-76.27191,156.42868,25.5
Elephant Moraine 90663,1990,-76.27045,156.40788,33.5
Elephant Moraine 90664,1990,-76.26704,156.4389,11.8
Elephant Moraine 90665,1990,-76.27567,156.4317,16.2
Elephant Moraine 90666,1990,-76.26748,156.43044,10.2
Elephant Moraine 90667,1990,-76.27144,156.42433,31.0
Elephant Moraine 90668,1990,-76.26636,156.43538,18.8
Elephant Moraine 90669,1990,-76.27986,156.43233,2.9
Elephant Moraine 90670,1990,-76.27974,156.4235,43.4
Elephant Moraine 90671,1990,-76.29473,156.365,35.2
Elephant Moraine 90672,1990,-76.28021,156.42418,72.1
Elephant Moraine 90673,1990,-76.26853,156.4523,70.1
Elephant Moraine 90674,1990,-76.27122,156.44624,33.2
Elephant Moraine 90675,1990,-76.28002,156.42285,49.9
Elephant Moraine 90676,1990,-76.26769,156.4456,14.7
Elephant Moraine 90677,1990,-76.26993,156.45267,22.8
Elephant Moraine 90678,1990,-76.26638,156.44914,20.9
Elephant Moraine 90679,1990,-76.27618,156.40102,70.7
Elephant Moraine 90680,1990,-76.26767,156.44644,19.3
Elephant Moraine 90681,1990,-76.27857,156.41966,40.0
Elephant Moraine 90682,1990,-76.27158,156.44176,25.2
Elephant Moraine 90683,1990,-76.27894,156.44138,23.1
Elephant Moraine 90684,1990,-76.27199,156.44077,16.6
Elephant Moraine 90685,1990,-76.26961,156.44217,18.2
Elephant Moraine 90686,1990,-76.26955,156.447,11.6
Elephant Moraine 90687,1990,-76.26742,156.44963,10.6
Elephant Moraine 90688,1990,-76.26828,156.44386,17.6
Elephant Moraine 90689,1990,-76.27309,156.44098,37.0
Elephant Moraine 90690,1990,-76.27294,156.44296,24.9
Elephant Moraine 90691,1990,-76.2796,156.4276,26.1
Elephant Moraine 90692,1990,-76.26696,156.4529,13.6
Elephant Moraine 90693,1990,-76.28982,156.41449,10.9
Elephant Moraine 90694,1990,-76.28927,156.42525,22.9
Elephant Moraine 90695,1990,-76.2804,156.42535,30.6
Elephant Moraine 90696,1990,-76.2707,156.44592,15.6
Elephant Moraine 90697,1990,-76.26729,156.45056,17.7
Elephant Moraine 90698,1990,-76.18333,157.16667,16.3
Elephant Moraine 90699,1990,-76.27847,156.39784,19.1
Elephant Moraine 90700,1990,-76.18333,157.16667,36.7
Elephant Moraine 90701,1990,-76.28303,156.41808,4.4
Elephant Moraine 90702,1990,-76.27992,156.40561,27.6
Elephant Moraine 90703,1990,-76.26964,156.4448,9.1
Elephant Moraine 90704,1990,-76.27741,156.41501,8.7
Elephant Moraine 90705,1990,-76.26767,156.44414,34.7
Elephant Moraine 90706,1990,-76.27085,156.44827,10.6
Elephant Moraine 90707,1990,-76.28915,156.40901,35.5
Elephant Moraine 90708,1990,-76.27974,156.4166,13.8
Elephant Moraine 90709,1990,-76.28316,156.41245,5.6
Elephant Moraine 90710,1990,-76.26861,156.45216,10.2
Elephant Moraine 90711,1990,-76.29072,156.37695,10.2
Elephant Moraine 90712,1990,-76.27872,156.41298,24.8
Elephant Moraine 90713,1990,-76.28058,156.39828,33.5
Elephant Moraine 90714,1990,-76.26659,156.44809,2.4
Elephant Moraine 90715,1990,-76.26651,156.44807,2.2
Elephant Moraine 90716,1990,-76.26701,156.45035,1.6
Elephant Moraine 90717,1990,-76.2727,156.44562,8.1
Elephant Moraine 90718,1990,-76.26702,156.45029,2.8
Elephant Moraine 90719,1990,-76.27806,156.42596,30.1
Elephant Moraine 90720,1990,-76.27728,156.44273,21.6
Elephant Moraine 90721,1990,-76.28104,156.403,19.9
Elephant Moraine 90722,1990,-76.2667,156.44994,5.2
Elephant Moraine 90723,1990,-76.27832,156.42564,22.1
Elephant Moraine 90724,1990,-76.27269,156.43967,45.1
Elephant Moraine 90725,1990,-76.2773,156.40184,18.5
Elephant Moraine 90726,1990,-76.26947,156.44717,13.5
Elephant Moraine 90727,1990,-76.27099,156.48286,117.2
Elephant Moraine 90728,1990,-76.26703,156.4473,12.3
Elephant Moraine 90729,1990,-76.27065,156.44675,16.0
Elephant Moraine 90730,1990,-76.27292,156.4443,21.9
Elephant Moraine 90731,1990,-76.27125,156.44472,34.3
Elephant Moraine 90732,1990,-76.2918,156.38742,7.9
Elephant Moraine 90733,1990,-76.27239,156.4385,21.1
Elephant Moraine 90734,1990,-76.27068,156.447,13.6
Elephant Moraine 90735,1990,-76.27306,156.44351,12.6
Elephant Moraine 90736,1990,-76.26893,156.44203,20.3
Elephant Moraine 90737,1990,-76.27043,156.44331,15.9
Elephant Moraine 90738,1990,-76.26757,156.44485,69.0
Elephant Moraine 90739,1990,-76.26871,156.44923,22.8
Elephant Moraine 90740,1990,-76.27049,156.44691,11.6
Elephant Moraine 90741,1990,-76.26703,156.44833,12.6
Elephant Moraine 90742,1990,-76.28286,156.40906,5.3
Elephant Moraine 90743,1990,-76.27926,156.42027,21.7
Elephant Moraine 90744,1990,-76.29006,156.37444,4.1
Elephant Moraine 90745,1990,-76.28912,156.41081,5.0
Elephant Moraine 90746,1990,-76.2827,156.44476,28.7
Elephant Moraine 90747,1990,-76.28663,156.44656,12.1
Elephant Moraine 90748,1990,-76.28653,156.44095,17.8
Elephant Moraine 90749,1990,-76.28257,156.46062,10.0
Elephant Moraine 90750,1990,-76.28466,156.45988,14.7
Elephant Moraine 90751,1990,-76.28163,156.4638,8.6
Elephant Moraine 90752,1990,-76.28707,156.4607,17.2
Elephant Moraine 90753,1990,-76.28498,156.46089,30.2
Elephant Moraine 90754,1990,-76.2805,156.44409,13.6
Elephant Moraine 90755,1990,-76.28599,156.44997,21.4
Elephant Moraine 90756,1990,-76.28217,156.46237,11.8
Elephant Moraine 90757,1990,-76.28575,156.49583,3.7
Elephant Moraine 90758,1990,-76.28479,156.46239,44.2
Elephant Moraine 90759,1990,-76.28251,156.47597,8.3
Elephant Moraine 90760,1990,-76.28384,156.43736,5.4
Elephant Moraine 90761,1990,-76.28322,156.45294,12.2
Elephant Moraine 90762,1990,-76.2901,156.45746,6.0
Elephant Moraine 90763,1990,-76.28583,156.43813,4.9
Elephant Moraine 90764,1990,-76.28451,156.46501,27.3
Elephant Moraine 90765,1990,-76.28453,156.46033,29.1
Elephant Moraine 90766,1990,-76.28521,156.44383,3.2
Elephant Moraine 90767,1990,-76.28754,156.46724,14.7
Elephant Moraine 90768,1990,-76.28808,156.43718,5.8
Elephant Moraine 90769,1990,-76.28336,156.45035,12.5
Elephant Moraine 90770,1990,-76.28237,156.46321,5.5
Elephant Moraine 90771,1990,-76.28751,156.43651,4.8
Elephant Moraine 90772,1990,-76.28387,156.46893,52.3
Elephant Moraine 90773,1990,-76.2845,156.46274,25.2
Elephant Moraine 90774,1990,-76.28621,156.46294,41.1
Elephant Moraine 90775,1990,-76.28897,156.46497,10.0
Elephant Moraine 90776,1990,-76.28988,156.45625,5.0
Elephant Moraine 90777,1990,-76.28144,156.46481,13.3
Elephant Moraine 90778,1990,-76.2915,156.44504,4.8
Elephant Moraine 90779,1990,-76.28815,156.46854,14.8
Elephant Moraine 90780,1990,-76.28853,156.46812,45.2
Elephant Moraine 90781,1990,-76.2829,156.46722,5.8
Elephant Moraine 90782,1990,-76.29311,156.43587,3.6
Elephant Moraine 90783,1990,-76.28377,156.46178,23.8
Elephant Moraine 90784,1990,-76.28484,156.43904,5.7
Elephant Moraine 90785,1990,-76.28604,156.45003,7.2
Elephant Moraine 90786,1990,-76.29205,156.44469,11.8
Elephant Moraine 90787,1990,-76.28296,156.45927,7.7
Elephant Moraine 90788,1990,-76.28864,156.43379,4.1
Elephant Moraine 90789,1990,-76.28747,156.44952,3.2
Elephant Moraine 90790,1990,-76.28762,156.44817,2.5
Elephant Moraine 90791,1990,-76.28409,156.46138,14.4
Elephant Moraine 90792,1990,-76.28574,156.45715,38.9
Elephant Moraine 90793,1990,-76.28317,156.46284,17.5
Elephant Moraine 90794,1990,-76.2823,156.46199,13.1
Elephant Moraine 90795,1990,-76.28774,156.43651,4.9
Elephant Moraine 90796,1990,-76.2858,156.46844,39.7
Elephant Moraine 90797,1990,-76.28233,156.47658,27.0
Elephant Moraine 90798,1990,-76.28535,156.44405,20.9
Elephant Moraine 90799,1990,-76.28668,156.44017,8.5
Elephant Moraine 90800,1990,-76.28425,156.43684,10.2
Elephant Moraine 90801,1990,-76.28739,156.43945,6.1
Elephant Moraine 90802,1990,-76.28402,156.43617,14.7
Elephant Moraine 90803,1990,-76.28734,156.46046,1.4
Elephant Moraine 90804,1990,-76.28653,156.44975,8.6
Elephant Moraine 90805,1990,-76.28725,156.43735,11.9
Elephant Moraine 90806,1990,-76.28241,156.46228,14.6
Elephant Moraine 90807,1990,-76.29001,156.43971,3.2
Elephant Moraine 90808,1990,-76.28631,156.4343,5.2
Elephant Moraine 90809,1990,-76.2874,156.43732,5.0
Elephant Moraine 90810,1990,-76.28324,156.46829,19.5
Elephant Moraine 90811,1990,-76.2826,156.4618,6.1
Elephant Moraine 90812,1990,-76.28526,156.4504,3.5
Elephant Moraine 90813,1990,-76.28631,156.4499,2.6
Elephant Moraine 90814,1990,-76.28735,156.43985,6.3
Elephant Moraine 90815,1990,-76.28235,156.44806,43.2
Elephant Moraine 90816,1990,-76.288,156.44044,11.0
Elephant Moraine 90817,1990,-76.2886,156.43297,3.3
Elephant Moraine 90818,1990,-76.28187,156.45518,13.2
Elephant Moraine 90819,1990,-76.28373,156.45834,23.9
Elephant Moraine 90820,1990,-76.28198,156.45502,0.9
Elephant Moraine 90821,1990,-76.28427,156.45955,5.5
Elephant Moraine 90822,1990,-76.28563,156.43867,8.5
Elephant Moraine 90823,1990,-76.28516,156.46083,1.8
Elephant Moraine 90824,1990,-76.28732,156.44992,2.1
Elephant Moraine 90825,1990,-76.28127,156.45631,7.2
Elephant Moraine 90826,1990,-76.28373,156.46716,25.7
Elephant Moraine 90827,1990,-76.28738,156.44135,4.0
Elephant Moraine 90828,1990,-76.28538,156.4342,15.1
Elephant Moraine 90829,1990,-76.28958,156.4563,7.6
Elephant Moraine 90830,1990,-76.28587,156.44218,7.4
Elephant Moraine 90831,1990,-76.28071,156.45093,3.0
Elephant Moraine 90832,1990,-76.28238,156.49532,59.9
Elephant Moraine 90833,1990,-76.27318,156.5121,26.1
Elephant Moraine 90834,1990,-76.2864,156.49367,40.0
Elephant Moraine 90835,1990,-76.27266,156.50435,29.1
Elephant Moraine 90836,1990,-76.28274,156.47276,6.9
Elephant Moraine 90837,1990,-76.28545,156.4824,40.6
Elephant Moraine 90838,1990,-76.28565,156.48143,68.4
Elephant Moraine 90839,1990,-76.27908,156.53304,52.5
Elephant Moraine 90840,1990,-76.28716,156.48633,19.0
Elephant Moraine 90910,1990,-76.28196,156.47777,4.0
Elephant Moraine 90841,1990,-76.28683,156.48354,19.5
Elephant Moraine 90842,1990,-76.28015,156.48001,18.6
Elephant Moraine 90843,1990,-76.28681,156.49213,20.0
Elephant Moraine 90844,1990,-76.28281,156.5055,26.1
Elephant Moraine 90845,1990,-76.27793,156.48952,21.3
Elephant Moraine 90846,1990,-76.27538,156.5118,29.9
Elephant Moraine 90847,1990,-76.27989,156.48137,42.3
Elephant Moraine 90848,1990,-76.2661,156.51826,68.2
Elephant Moraine 90849,1990,-76.2873,156.48477,40.3
Elephant Moraine 90850,1990,-76.27994,156.50072,19.7
Elephant Moraine 90851,1990,-76.28021,156.51228,29.1
Elephant Moraine 90852,1990,-76.28259,156.51106,37.9
Elephant Moraine 90853,1990,-76.28183,156.51071,32.7
Elephant Moraine 90854,1990,-76.28264,156.49638,49.8
Elephant Moraine 90855,1990,-76.28631,156.4723,13.8
Elephant Moraine 90856,1990,-76.28339,156.5057,29.9
Elephant Moraine 90857,1990,-76.28258,156.4892,10.3
Elephant Moraine 90858,1990,-76.28686,156.47993,21.9
Elephant Moraine 90859,1990,-76.28739,156.47888,26.2
Elephant Moraine 90860,1990,-76.28501,156.47914,26.2
Elephant Moraine 90861,1990,-76.26597,156.50659,38.9
Elephant Moraine 90862,1990,-76.28466,156.4818,9.6
Elephant Moraine 90863,1990,-76.26919,156.51865,10.7
Elephant Moraine 90864,1990,-76.27481,156.50133,3.7
Elephant Moraine 90865,1990,-76.27276,156.4982,9.6
Elephant Moraine 90866,1990,-76.27915,156.49367,13.3
Elephant Moraine 90867,1990,-76.2699,156.50558,7.9
Elephant Moraine 90868,1990,-76.28292,156.48988,32.0
Elephant Moraine 90869,1990,-76.28538,156.4963,23.8
Elephant Moraine 90870,1990,-76.28485,156.5048,72.4
Elephant Moraine 90871,1990,-76.28791,156.47643,38.4
Elephant Moraine 90872,1990,-76.28503,156.4941,46.1
Elephant Moraine 90873,1990,-76.28454,156.4819,39.2
Elephant Moraine 90874,1990,-76.27403,156.50262,30.9
Elephant Moraine 90911,1990,-76.26579,156.50732,3.0
Elephant Moraine 90875,1990,-76.28667,156.4847,16.1
Elephant Moraine 90876,1990,-76.28205,156.4896,19.0
Elephant Moraine 90877,1990,-76.27256,156.51212,15.8
Elephant Moraine 90878,1990,-76.28009,156.48,10.8
Elephant Moraine 90879,1990,-76.28569,156.49454,32.5
Elephant Moraine 90880,1990,-76.27498,156.50899,41.4
Elephant Moraine 90881,1990,-76.27835,156.49957,19.8
Elephant Moraine 90882,1990,-76.28771,156.48193,24.3
Elephant Moraine 90883,1990,-76.28175,156.5048,71.0
Elephant Moraine 90884,1990,-76.28452,156.48347,19.6
Elephant Moraine 90885,1990,-76.26933,156.52623,66.6
Elephant Moraine 90886,1990,-76.28555,156.47914,14.8
Elephant Moraine 90887,1990,-76.27455,156.51231,7.5
Elephant Moraine 90888,1990,-76.28536,156.49203,25.0
Elephant Moraine 90889,1990,-76.28236,156.50706,48.3
Elephant Moraine 90890,1990,-76.28622,156.49326,25.7
Elephant Moraine 90891,1990,-76.28497,156.49384,13.1
Elephant Moraine 90892,1990,-76.27089,156.4956,36.9
Elephant Moraine 90893,1990,-76.28185,156.4799,61.7
Elephant Moraine 90894,1990,-76.28509,156.48138,15.0
Elephant Moraine 90895,1990,-76.27688,156.49171,36.0
Elephant Moraine 90896,1990,-76.2806,156.49971,13.9
Elephant Moraine 90897,1990,-76.28458,156.5046,14.8
Elephant Moraine 90898,1990,-76.28211,156.50603,36.7
Elephant Moraine 90899,1990,-76.28791,156.49406,14.1
Elephant Moraine 90900,1990,-76.28431,156.477,23.4
Elephant Moraine 90901,1990,-76.27526,156.5331,70.5
Elephant Moraine 90902,1990,-76.27998,156.48021,13.2
Elephant Moraine 90903,1990,-76.28351,156.4814,17.8
Elephant Moraine 90904,1990,-76.28729,156.47585,10.1
Elephant Moraine 90905,1990,-76.26876,156.5134,8.4
Elephant Moraine 90906,1990,-76.27316,156.49866,9.8
Elephant Moraine 90907,1990,-76.28118,156.49524,30.1
Elephant Moraine 90908,1990,-76.28461,156.5046,9.4
Elephant Moraine 90909,1990,-76.26825,156.49748,6.4
Elephant Moraine 90912,1990,-76.2733,156.48695,0.2
Elephant Moraine 90913,1990,-76.28384,156.47414,23.8
Elephant Moraine 90914,1990,-76.28806,156.47054,2.9
Elephant Moraine 90915,1990,-76.26869,156.49893,6.1
Elephant Moraine 90916,1990,-76.26579,156.5072,4.6
Elephant Moraine 90917,1990,-76.27453,156.4303,47.9
Elephant Moraine 90918,1990,-76.26684,156.44994,0.6
Elephant Moraine 90919,1990,-76.2692,156.46375,0.2
Elephant Moraine 90920,1990,-76.26769,156.44136,36.6
Elephant Moraine 90921,1990,-76.27121,156.43555,32.2
Elephant Moraine 90922,1990,-76.26855,156.4379,55.7
Elephant Moraine 90923,1990,-76.27487,156.43434,54.6
Elephant Moraine 90924,1990,-76.27689,156.43492,4.5
Elephant Moraine 90925,1990,-76.2757,156.42476,45.1
Elephant Moraine 90926,1990,-76.26946,156.43994,37.2
Elephant Moraine 90927,1990,-76.2705,156.43542,22.9
Elephant Moraine 90928,1990,-76.27406,156.43205,28.5
Elephant Moraine 90929,1990,-76.27509,156.42969,43.4
Elephant Moraine 90930,1990,-76.27432,156.44064,19.7
Elephant Moraine 90931,1990,-76.2735,156.4304,17.4
Elephant Moraine 90932,1990,-76.27447,156.44173,23.4
Elephant Moraine 90933,1990,-76.26857,156.4367,53.2
Elephant Moraine 90934,1990,-76.26955,156.43758,13.7
Elephant Moraine 90935,1990,-76.27239,156.4328,17.2
Elephant Moraine 90936,1990,-76.26984,156.43535,25.5
Elephant Moraine 90937,1990,-76.27538,156.42935,11.0
Elephant Moraine 90938,1990,-76.2721,156.42752,23.0
Elephant Moraine 90939,1990,-76.27182,156.43385,10.5
Elephant Moraine 90940,1990,-76.26729,156.44218,18.0
Elephant Moraine 90941,1990,-76.27668,156.52531,15.6
Elephant Moraine 90942,1990,-76.26747,156.44206,3.1
Elephant Moraine 90943,1990,-76.26758,156.44115,9.7
Elephant Moraine 90944,1990,-76.27406,156.43687,21.7
Elephant Moraine 90945,1990,-76.27449,156.42786,41.2
Elephant Moraine 90946,1990,-76.27827,156.43924,6.7
Elephant Moraine 90947,1990,-76.27457,156.43028,5.6
Elephant Moraine 90948,1990,-76.27646,156.43239,23.9
Elephant Moraine 90949,1990,-76.27253,156.43307,19.8
Elephant Moraine 90950,1990,-76.27362,156.43083,45.6
Elephant Moraine 90951,1990,-76.26823,156.43962,52.7
Elephant Moraine 90952,1990,-76.27103,156.4381,21.5
Elephant Moraine 90953,1990,-76.27111,156.43756,18.7
Elephant Moraine 90954,1990,-76.27205,156.43567,14.9
Elephant Moraine 90955,1990,-76.27683,156.43768,28.3
Elephant Moraine 90956,1990,-76.27573,156.43086,60.0
Elephant Moraine 90957,1990,-76.27112,156.43604,15.1
Elephant Moraine 90958,1990,-76.27835,156.42812,27.4
Elephant Moraine 90959,1990,-76.27537,156.44138,20.6
Elephant Moraine 90960,1990,-76.27323,156.43365,54.8
Elephant Moraine 90961,1990,-76.27207,156.43683,13.1
Elephant Moraine 90962,1990,-76.27247,156.43459,12.9
Elephant Moraine 90963,1990,-76.26762,156.44101,11.6
Elephant Moraine 90964,1990,-76.26923,156.43909,26.6
Elephant Moraine 90965,1990,-76.26804,156.43741,45.1
Elephant Moraine 90966,1990,-76.26962,156.44057,68.8
Elephant Moraine 90967,1990,-76.27678,156.43611,47.0
Elephant Moraine 90968,1990,-76.26852,156.44275,4.8
Elephant Moraine 90969,1990,-76.27885,156.43785,2.9
Elephant Moraine 90970,1990,-76.26822,156.43948,1.5
Elephant Moraine 90971,1990,-76.27072,156.43456,16.3
Elephant Moraine 90972,1990,-76.26747,156.44215,2.1
Elephant Moraine 90973,1990,-76.27599,156.43265,18.0
Elephant Moraine 90974,1990,-76.27534,156.44147,15.5
Elephant Moraine 90975,1990,-76.27045,156.43823,11.3
Elephant Moraine 90976,1990,-76.27015,156.43852,2.9
Elephant Moraine 90977,1990,-76.27696,156.43942,4.0
Elephant Moraine 90978,1990,-76.26868,156.44125,4.8
Elephant Moraine 90979,1990,-76.2776,156.43494,0.8
Elephant Moraine 90980,1990,-76.2713,156.43391,13.8
Elephant Moraine 90981,1990,-76.27104,156.4357,3.8
Elephant Moraine 90982,1990,-76.2686,156.43729,8.5
Elephant Moraine 90983,1990,-76.27417,156.43974,1.2
Elephant Moraine 90984,1990,-76.27404,156.43114,1.9
Elephant Moraine 90985,1990,-76.26785,156.44032,1.2
Elephant Moraine 90986,1990,-76.2675,156.44221,1.2
Elephant Moraine 90987,1990,-76.27103,156.43552,15.8
Elephant Moraine 90988,1990,-76.26811,156.43845,2.8
Elephant Moraine 90989,1990,-76.27334,156.44289,3.9
Elephant Moraine 90990,1990,-76.27802,156.4766,16.1
Elephant Moraine 90991,1990,-76.27151,156.45692,6.6
Elephant Moraine 90992,1990,-76.27739,156.42204,5.7
Elephant Moraine 90993,1990,-76.27163,156.4423,49.7
Elqui,1990,,,260.0
Felt (b),1990,36.58333,-102.7,5590.0
Forrest 014,1990,-30.78333,127.75,104.0
Forrest 015,1990,-30.78333,127.8,82.0
Frontier Mountain 90006,1990,-72.97296,160.48444,18.3
Frontier Mountain 90007,1990,-72.95341,160.52174,5.9
Frontier Mountain 90008,1990,-72.95488,160.47328,1.6
Frontier Mountain 90009,1990,-72.95381,160.50645,4.9
Frontier Mountain 90010,1990,-72.95404,160.52235,5.5
Frontier Mountain 90011,1990,-72.95488,160.47328,1.8
Frontier Mountain 90016,1990,-72.954,160.50404,3.6
Frontier Mountain 90017,1990,-72.95381,160.50645,2.3
Frontier Mountain 90019,1990,-72.95488,160.47328,2.0
Frontier Mountain 90020,1990,-72.95556,160.44775,0.8
Frontier Mountain 90021,1990,-72.95488,160.47328,1.3
Frontier Mountain 90022,1990,-72.95488,160.47328,10.8
Frontier Mountain 90023,1990,-72.95488,160.47328,2.7
Frontier Mountain 90024,1990,-72.95488,160.47328,16.5
Frontier Mountain 90025,1990,-72.95404,160.50371,11.8
Frontier Mountain 90026,1990,-72.95413,160.50523,5.5
Frontier Mountain 90027,1990,-72.95404,160.50371,16.0
Frontier Mountain 90028,1990,-72.95359,160.50952,18.8
Frontier Mountain 90029,1990,-72.9535,160.51411,16.5
Frontier Mountain 90030,1990,-72.95315,160.52359,7.2
Frontier Mountain 90031,1990,-72.95261,160.5268,8.4
Frontier Mountain 90032,1990,-72.95488,160.47328,1.6
Frontier Mountain 90033,1990,-72.95556,160.46457,7.5
Frontier Mountain 90034,1990,-72.95556,160.45233,6.4
Frontier Mountain 90035,1990,-72.9531,160.45004,81.2
Frontier Mountain 90036,1990,-72.95328,160.43935,34.6
Frontier Mountain 90037,1990,-72.9544,160.49911,13.1
Frontier Mountain 90038,1990,-72.95431,160.50142,3.3
Frontier Mountain 90039,1990,-72.95395,160.50401,8.8
Frontier Mountain 90040,1990,-72.95395,160.50404,5.2
Frontier Mountain 90041,1990,-72.95377,160.50404,5.1
Frontier Mountain 90042,1990,-72.9539,160.50632,14.7
Frontier Mountain 90043,1990,-72.96752,160.44347,38.4
Frontier Mountain 90044,1990,-72.95806,160.48796,10.2
Frontier Mountain 90045,1990,-72.95623,160.43854,21.8
Frontier Mountain 90046,1990,-72.95596,160.43857,9.46
Frontier Mountain 90047,1990,-72.95337,160.52512,19.0
Frontier Mountain 90048,1990,-72.95489,160.43796,20.3
Frontier Mountain 90049,1990,-72.9556,160.43857,9.5
Frontier Mountain 90050,1990,-72.9556,160.43857,15.8
Frontier Mountain 90051,1990,-72.95346,160.52512,8.1
Frontier Mountain 90052,1990,-72.95623,160.43857,34.2
Frontier Mountain 90053,1990,-72.95506,160.43857,9.3
Frontier Mountain 90054,1990,-72.95578,160.43857,17.5
Frontier Mountain 90055,1990,-72.95341,160.52174,4.6
Frontier Mountain 90056,1990,-72.95538,160.43796,9.4
Frontier Mountain 90057,1990,-72.95265,160.51518,3.8
Frontier Mountain 90058,1990,-72.95547,160.43796,28.0
Frontier Mountain 90059,1990,-72.95417,160.52512,30.4
Frontier Mountain 90060,1990,-72.9556,160.43854,0.89
Frontier Mountain 90061,1990,-72.95279,160.51472,8.4
Frontier Mountain 90062,1990,-72.95328,160.44087,6.2
Frontier Mountain 90063,1990,-72.9531,160.4378,0.49
Frontier Mountain 90064,1990,-72.95457,160.50374,3.5
Frontier Mountain 90065,1990,-72.95431,160.50221,5.7
Frontier Mountain 90066,1990,-72.95359,160.50952,8.9
Frontier Mountain 90067,1990,-72.95431,160.5013,8.9
Frontier Mountain 90068,1990,-72.9531,160.44087,4.8
Frontier Mountain 90069,1990,-72.95431,160.50066,17.7
Frontier Mountain 90070,1990,-72.95457,160.50221,27.0
Frontier Mountain 90072,1990,-72.95488,160.47328,108.1
Frontier Mountain 90073,1990,-72.95563,160.46457,20.6
Frontier Mountain 90074,1990,-72.95556,160.46457,7.7
Frontier Mountain 90075,1990,-72.95364,160.44301,21.0
Frontier Mountain 90076,1990,-72.95607,160.45233,10.5
Frontier Mountain 90077,1990,-72.95556,160.45845,3.2
Frontier Mountain 90095,1990,-72.95386,160.50645,3.7
Frontier Mountain 90096,1990,-72.95386,160.51257,6.9
Frontier Mountain 90097,1990,-72.95341,160.52206,2.2
Frontier Mountain 90098,1990,-72.95341,160.51288,5.3
Frontier Mountain 90099,1990,-72.95404,160.53659,3.7
Frontier Mountain 90100,1990,-72.95489,160.4343,1.3
Frontier Mountain 90101,1990,-72.95489,160.44469,1.1
Frontier Mountain 90102,1990,-72.95488,160.47328,7.2
Frontier Mountain 90103,1990,-72.95493,160.44286,1.9
Frontier Mountain 90104,1990,-72.95404,160.50188,10.9
Frontier Mountain 90107,1990,-72.95488,160.47328,10.3
Frontier Mountain 90108,1990,-72.95417,160.50218,2.2
Frontier Mountain 90112,1990,-72.95489,160.44347,3.1
Frontier Mountain 90122,1990,-72.95435,160.44148,1.7
Frontier Mountain 90123,1990,-72.95319,160.43935,1.5
Frontier Mountain 90124,1990,-72.95399,160.50404,5.6
Frontier Mountain 90125,1990,-72.95488,160.47328,2.8
Frontier Mountain 90126,1990,-72.95488,160.47328,1.8
Frontier Mountain 90127,1990,-72.96222,160.48444,13.55
Frontier Mountain 90128,1990,-72.956,160.44775,6.5
Frontier Mountain 90129,1990,-72.95431,160.50127,1.9
Frontier Mountain 90130,1990,-72.95488,160.47328,15.5
Frontier Mountain 90131,1990,-72.95511,160.48444,9.2
Frontier Mountain 90132,1990,-72.96002,160.48444,6.22
Frontier Mountain 90133,1990,-72.95488,160.47328,0.61
Frontier Mountain 90134,1990,-72.95404,160.50371,3.04
Frontier Mountain 90135,1990,-72.95404,160.50401,15.4
Frontier Mountain 90136,1990,-72.95413,160.50371,2.2
Frontier Mountain 90137,1990,-72.95341,160.51411,4.89
Frontier Mountain 90138,1990,-72.95315,160.5245,4.48
Frontier Mountain 90139,1990,-72.9527,160.5268,2.18
Frontier Mountain 90140,1990,-72.95556,160.46442,1.28
Frontier Mountain 90141,1990,-72.9531,160.43935,2.1
Frontier Mountain 90142,1990,-72.95556,160.45386,14.9
Frontier Mountain 90143,1990,-72.95556,160.4508,9.0
Frontier Mountain 90144,1990,-72.95556,160.45631,4.8
Frontier Mountain 90145,1990,-72.95431,160.50066,7.1
Frontier Mountain 90147,1990,-72.95431,160.50145,5.4
Frontier Mountain 90148,1990,-72.95359,160.50952,10.2
Frontier Mountain 90149,1990,-72.95341,160.52174,13.8
Frontier Mountain 90150,1990,-72.9535,160.52666,16.66
Frontier Mountain 90151,1990,-72.95564,160.51257,33.6
Frontier Mountain 90152,1990,-72.95556,160.4661,18.3
Frontier Mountain 90153,1990,-72.95404,160.53812,8.5
Frontier Mountain 90154,1990,-72.95614,160.4343,107.1
Frontier Mountain 90155,1990,-72.95614,160.43443,72.06
Frontier Mountain 90156,1990,-72.95614,160.43506,31.82
Frontier Mountain 90157,1990,-72.95542,160.4343,9.73
Frontier Mountain 90158,1990,-72.95413,160.5034,23.33
Frontier Mountain 90159,1990,-72.95417,160.50325,7.22
Frontier Mountain 90160,1990,-72.95404,160.50371,23.32
Frontier Mountain 90161,1990,-72.95431,160.50066,32.44
Frontier Mountain 90162,1990,-72.95404,160.50371,14.81
Frontier Mountain 90163,1990,-72.95435,160.50937,24.05
Frontier Mountain 90164,1990,-72.95596,160.43857,80.8
Frontier Mountain 90165,1990,-72.95556,160.47221,2.1
Frontier Mountain 90166,1990,-72.9531,160.44698,24.41
Frontier Mountain 90167,1990,-72.95489,160.44469,10.84
Frontier Mountain 90168,1990,-72.95489,160.44621,14.26
Frontier Mountain 90170,1990,-72.95488,160.47328,2.53
Frontier Mountain 90171,1990,-72.95489,160.44316,13.4
Frontier Mountain 90172,1990,-72.95667,160.43857,65.86
Frontier Mountain 90173,1990,-72.95488,160.47328,3.56
Frontier Mountain 90174,1990,-72.95488,160.47328,12.65
Frontier Mountain 90175,1990,-72.95488,160.47328,15.03
Frontier Mountain 90176,1990,-72.95488,160.47328,1.61
Frontier Mountain 90177,1990,-72.95488,160.47328,0.32
Frontier Mountain 90178,1990,-72.95556,160.4661,5.06
Frontier Mountain 90179,1990,-72.95488,160.47328,2.05
Frontier Mountain 90180,1990,-72.95488,160.47328,7.5
Frontier Mountain 90182,1990,-72.99083,160.40833,12.45
Frontier Mountain 90183,1990,-72.95488,160.47328,5.88
Frontier Mountain 90184,1990,-72.95488,160.47328,2.18
Frontier Mountain 90185,1990,-72.95431,160.50127,4.05
Frontier Mountain 90186,1990,-72.95306,160.43916,3.09
Frontier Mountain 90189,1990,-72.95364,160.44283,2.66
Frontier Mountain 90190,1990,-72.95556,160.44775,3.93
Frontier Mountain 90192,1990,-72.95609,160.4603,48.01
Frontier Mountain 90196,1990,-72.95607,160.4508,2.01
Frontier Mountain 90197,1990,-72.95563,160.45233,2.57
Frontier Mountain 90198,1990,-72.99083,160.54083,0.93
Frontier Mountain 90199,1990,-72.95591,160.54134,0.66
Frontier Mountain 90200,1990,-72.95556,160.53778,3.19
Frontier Mountain 90201,1990,-72.95363,160.44283,11.5
Frontier Mountain 90202,1990,-72.95488,160.47328,9.73
Frontier Mountain 90203,1990,-72.95573,160.54408,11.31
Frontier Mountain 90204,1990,-72.95488,160.47328,12.55
Frontier Mountain 90205,1990,-72.99167,160.40889,7.13
Frontier Mountain 90206,1990,-72.95488,160.47328,1.48
Frontier Mountain 90207,1990,-72.95488,160.47328,4.04
Frontier Mountain 90208,1990,-72.95488,160.47328,2.21
Frontier Mountain 90209,1990,-72.95488,160.47328,1.67
Frontier Mountain 90210,1990,-72.95488,160.47328,2.31
Frontier Mountain 90211,1990,-72.95583,160.54028,10.92
Frontier Mountain 90212,1990,-72.95551,160.43643,3.7
Frontier Mountain 90214,1990,-72.95506,160.43918,1.85
Frontier Mountain 90215,1990,-72.95583,160.43832,5.55
Frontier Mountain 90217,1990,-72.95578,160.43857,1.19
Frontier Mountain 90218,1990,-72.95583,160.43832,3.18
Frontier Mountain 90220,1990,-72.95472,160.44167,0.96
Frontier Mountain 90221,1990,-72.9531,160.4479,3.25
Frontier Mountain 90222,1990,-72.95578,160.43857,2.58
Frontier Mountain 90224,1990,-72.95578,160.43857,14.91
Frontier Mountain 90225,1990,-72.95556,160.43832,8.4
Frontier Mountain 90226,1990,-72.95583,160.43832,24.79
Frontier Mountain 90227,1990,-72.95578,160.43857,2.45
Frontier Mountain 90228,1990,-72.95,160.43333,13.26
Frontier Mountain 90229,1990,-72.95528,160.44057,4.38
Frontier Mountain 90230,1990,-72.95528,160.44,3.98
Frontier Mountain 90231,1990,-72.955,160.44083,18.21
Frontier Mountain 90233,1990,-72.95611,160.43832,31.89
Frontier Mountain 90234,1990,-72.95564,160.44118,23.47
Frontier Mountain 90236,1990,-72.95645,160.44392,165.7
Frontier Mountain 90237,1990,-72.95472,160.44444,2.69
Frontier Mountain 90238,1990,-72.95506,160.43796,17.41
Frontier Mountain 90239,1990,-72.95489,160.44775,15.39
Frontier Mountain 90240,1990,-72.95489,160.44408,1.05
Frontier Mountain 90241,1990,-72.95564,160.44177,2.29
Frontier Mountain 90242,1990,-72.9556,160.43857,2.85
Frontier Mountain 90243,1990,-72.95547,160.44057,4.93
Gheriat 001,1990,30.65833,12.30667,20.8
Gheriat 002,1990,30.50667,12.215,1125.0
Hammadah al Hamra 001,1990,29.0,12.23333,19418.0
Hammadah al Hamra 002,1990,28.98333,12.15,375.0
Hammadah al Hamra 003,1990,28.98333,12.18333,2376.0
Hammadah al Hamra 004,1990,28.95,12.46667,296.0
Hammadah al Hamra 005,1990,28.88333,12.48333,891.0
Hammadah al Hamra 006,1990,28.9,12.58333,458.0
Hammadah al Hamra 007,1990,28.75,12.68333,585.0
Hammadah al Hamra 008,1990,28.46667,12.81667,569.0
Hammadah al Hamra 009,1990,28.65,12.7,121.0
Hammadah al Hamra 010,1990,28.65,12.63333,2079.0
Hammadah al Hamra 011,1990,28.61667,12.53333,300.0
Hammadah al Hamra 012,1990,28.63333,12.63333,478.0
Hammadah al Hamra 013,1990,28.71667,12.63333,424.0
Hammadah al Hamra 014,1990,28.83333,12.51667,94.0
Hammadah al Hamra 017,1990,29.03333,12.41667,339.0
Hammadah al Hamra 018,1990,29.05,12.48333,815.0
Hammadah al Hamra 019,1990,29.06667,12.68333,13431.0
Hammadah al Hamra 020,1990,28.96667,12.7,221.0
Hammadah al Hamra 021,1990,28.96667,12.61667,127.0
Hammadah al Hamra 022,1990,28.93333,12.33333,226.0
Hammadah al Hamra 023,1990,28.88333,12.41667,46.0
Hammadah al Hamra 024,1990,28.91667,12.76667,78.0
Hammadah al Hamra 025,1990,28.91667,12.91667,43.0
Hammadah al Hamra 026,1990,28.85,12.85,166.0
Hammadah al Hamra 027,1990,28.81667,12.96667,44.0
Hammadah al Hamra 028,1990,28.81667,12.73333,143.0
Hammadah al Hamra 029,1990,28.8,12.71667,268.0
Hammadah al Hamra 030,1990,28.76667,12.83333,21.0
Hammadah al Hamra 031,1990,28.78333,13.03333,233.0
Hammadah al Hamra 032,1990,28.78333,13.21667,129.0
Hammadah al Hamra 033,1990,28.85,13.06667,759.0
Hammadah al Hamra 034,1990,28.86667,12.65,111.0
Hammadah al Hamra 035,1990,28.81667,12.55,213.0
Hammadah al Hamra 036,1990,28.83333,12.3,184.0
Hammadah al Hamra 037,1990,29.06667,12.6,575.0
Hammadah al Hamra 038,1990,29.08333,12.76667,233.0
Hammadah al Hamra 039,1990,29.11667,12.35,56.0
Hammadah al Hamra 040,1990,29.1,11.83333,4411.0
Hammadah al Hamra 041,1990,29.16667,12.08333,46.0
Hughes 001,1990,-30.45,129.5,379.0
Juderina Spring,1990,-25.91667,119.3,2198.0
La Serena,1990,,,663.0
Leonora,1990,-28.84519,121.397,2572.0
Lewis Cliff 90500,1990,-84.29139,161.51971,294.7
Loongana 001,1990,-30.6,127.16667,179.0
Loongana 003,1990,-30.53583,127.33967,58.0
Muckera 015,1990,-30.06,130.025,40.0
Mundrabilla 018,1990,-30.5,127.5,24.0
Nullarbor 002,1990,,,1076.0
Nullarbor 003,1990,,,272.0
Nullarbor 004,1990,,,525.0
Nullarbor 005,1990,,,242.0
Nullarbor 006,1990,,,1176.0
Nullarbor 007,1990,,,51.0
Nullarbor 018,1990,,,1000.0
Ocotillo,1990,32.83333,-116.06667,28570.0
sterplana 005,1990,58.58333,13.43333,
Oyogos-Yar,1990,72.68333,143.53333,1200.0
Pallasovka,1990,49.86667,46.61167,198000.0
Plateau du Tademait 001,1990,28.01667,0.3,99.0
Powellsville,1990,38.66667,-82.78333,4310.0
Pozo Almonte,1990,,,7800.0
Queen Alexandra Range 90200,1990,-84.59784,162.25299,9216.7
Queen Alexandra Range 90201,1990,-84.59622,162.33977,1282.5
Queen Alexandra Range 90202,1990,-84.59633,162.32288,440.0
Queen Alexandra Range 90203,1990,-84.59301,162.78484,1132.1
Queen Alexandra Range 90204,1990,-84.6109,162.14203,334.6
Queen Alexandra Range 90205,1990,-84.59612,162.30508,458.5
Queen Alexandra Range 90206,1990,-84.5958,162.33755,548.9
Queen Alexandra Range 90207,1990,-84.59951,162.2393,366.9
Queen Alexandra Range 90208,1990,-84.5978,162.40027,811.6
Queen Alexandra Range 90209,1990,-84.59508,162.34795,560.4
Queen Alexandra Range 90210,1990,-84.60576,162.17358,316.1
Queen Alexandra Range 90211,1990,-84.58632,162.61342,436.3
Queen Alexandra Range 90212,1990,-84.58632,162.61005,607.4
Queen Alexandra Range 90213,1990,-84.586,162.61565,389.0
Queen Alexandra Range 90214,1990,-84.60076,162.2245,571.3
Queen Alexandra Range 90215,1990,-84.6067,162.16708,358.9
Queen Alexandra Range 90216,1990,-84.60051,162.2279,359.3
Queen Alexandra Range 90217,1990,-84.59503,162.3199,327.7
Queen Alexandra Range 90218,1990,-84.61017,162.15388,926.5
Queen Alexandra Range 90219,1990,-84.61116,162.14566,316.0
Queen Alexandra Range 90220,1990,-84.59192,162.79942,377.4
Queen Alexandra Range 90221,1990,-84.59651,162.39578,432.7
Queen Alexandra Range 90222,1990,-84.59487,162.82712,476.8
Queen Alexandra Range 90223,1990,-84.59969,162.50348,329.5
Queen Alexandra Range 90224,1990,-84.60579,162.15894,245.8
Queen Alexandra Range 90225,1990,-84.60102,162.22281,325.5
Queen Alexandra Range 90226,1990,-84.61429,162.12224,302.0
Queen Alexandra Range 90227,1990,-84.59617,162.28531,200.1
Queen Alexandra Range 90228,1990,-84.6021,162.47923,244.7
Queen Alexandra Range 90229,1990,-84.60353,162.19455,307.6
Queen Alexandra Range 90230,1990,-84.59566,162.36919,236.3
Queen Alexandra Range 90231,1990,-84.58079,162.68497,169.2
Queen Alexandra Range 90232,1990,-84.58059,162.58633,181.9
Queen Alexandra Range 90233,1990,-84.59412,162.30083,157.4
Queen Alexandra Range 90234,1990,-84.59484,162.29839,333.2
Queen Alexandra Range 90235,1990,-84.59343,162.23965,178.8
Queen Alexandra Range 90236,1990,-84.59515,162.31058,187.1
Queen Alexandra Range 90237,1990,-84.61391,162.1441,301.8
Queen Alexandra Range 90238,1990,-84.59515,162.3055,205.1
Queen Alexandra Range 90239,1990,-84.5903,162.7151,168.2
Queen Alexandra Range 90240,1990,-84.58294,162.77785,115.8
Queen Alexandra Range 90241,1990,-84.6055,162.15636,69.3
Queen Alexandra Range 90242,1990,-84.6082,162.15935,212.5
Queen Alexandra Range 90243,1990,-84.61073,162.15071,245.9
Queen Alexandra Range 90244,1990,-84.59304,162.25893,152.4
Queen Alexandra Range 90245,1990,-84.61019,162.14565,117.6
Queen Alexandra Range 90246,1990,-84.59805,162.21336,103.1
Queen Alexandra Range 90247,1990,-84.61084,162.13971,131.2
Queen Alexandra Range 90248,1990,-84.59325,162.24953,153.9
Queen Alexandra Range 90249,1990,-84.60108,162.20923,150.7
Queen Alexandra Range 90250,1990,-84.59642,162.37286,150.7
Queen Alexandra Range 90251,1990,-84.59528,162.31384,126.6
Queen Alexandra Range 90252,1990,-84.60994,162.14784,253.4
Queen Alexandra Range 90253,1990,-84.59512,162.31331,115.9
Queen Alexandra Range 90254,1990,-84.58227,162.64558,166.9
Queen Alexandra Range 90255,1990,-84.57484,162.57254,99.5
Queen Alexandra Range 90256,1990,-84.60292,162.20705,166.0
Queen Alexandra Range 90257,1990,-84.59479,162.36067,104.0
Queen Alexandra Range 90258,1990,-84.61147,162.13861,126.5
Queen Alexandra Range 90259,1990,-84.60981,162.13403,178.5
Queen Alexandra Range 90260,1990,-84.59496,162.31879,131.2
Queen Alexandra Range 90261,1990,-84.61149,162.1444,125.5
Queen Alexandra Range 90263,1990,-84.59633,162.29153,105.8
Queen Alexandra Range 90264,1990,-84.58572,162.58006,109.3
Queen Alexandra Range 90265,1990,-84.59482,162.34674,141.3
Queen Alexandra Range 90266,1990,-84.60617,162.13297,87.6
Queen Alexandra Range 90267,1990,-84.61457,162.12054,98.0
Queen Alexandra Range 90268,1990,-84.59388,162.37192,75.2
Queen Alexandra Range 90269,1990,-84.59482,162.30026,54.0
Queen Alexandra Range 90270,1990,-84.59359,162.24965,78.0
Queen Alexandra Range 90271,1990,-84.6097,162.1446,79.8
Queen Alexandra Range 90272,1990,-84.61234,162.13008,109.2
Queen Alexandra Range 90273,1990,-84.595,162.37477,64.1
Queen Alexandra Range 90274,1990,-84.59434,162.29631,99.5
Queen Alexandra Range 90275,1990,-84.61188,162.13272,45.7
Queen Alexandra Range 90276,1990,-84.6101,162.07549,65.7
Queen Alexandra Range 90277,1990,-84.59534,162.76926,26.0
Queen Alexandra Range 90278,1990,-84.60273,162.4354,16.7
Queen Alexandra Range 90279,1990,-84.60621,162.13882,8.9
Queen Alexandra Range 90280,1990,-84.59666,162.2956,7.5
Queen Alexandra Range 90281,1990,-84.61131,162.13068,29.3
Queen Alexandra Range 90282,1990,-84.58308,162.7736,236.8
Queen Alexandra Range 90283,1990,-84.58338,162.77217,93.0
Queen Alexandra Range 90284,1990,-84.58356,162.77051,85.7
Queen Alexandra Range 90285,1990,-84.58308,162.7736,179.1
Queen Alexandra Range 90286,1990,-84.61283,162.1382,429.3
Roosevelt County 074,1990,34.08333,-103.51667,22.2
Roosevelt County 075,1990,34.18333,-103.43333,258.0
Roundup,1990,46.78333,-108.56667,17590.0
Sulphur Springs Draw,1990,32.98333,-102.37833,1892.0
Timessa 001,1990,26.56667,15.73333,473.0
Wisconsin Range 90300,1990,-84.75,-125.0,338.1
Wisconsin Range 90301,1990,-84.75,-125.0,805.9
Wisconsin Range 90302,1990,-84.75,-125.0,3864.6
Wisconsin Range 90303,1990,-84.75,-125.0,196.4
Yarle Lakes 001,1990,-30.31667,131.46667,913.0
Zillah 001,1990,29.037,17.0185,1475.0
Zillah 002,1990,29.037,17.0185,172.0
